#
# There is insufficient memory for the Java Runtime Environment to continue.
# Native memory allocation (malloc) failed to allocate 1790464 bytes. Error detail: Chunk::new
# Possible reasons:
#   The system is out of physical RAM or swap space
#   This process is running with CompressedOops enabled, and the Java Heap may be blocking the growth of the native heap
# Possible solutions:
#   Reduce memory load on the system
#   Increase physical memory or swap space
#   Check if swap backing store is full
#   Decrease Java heap size (-Xmx/-Xms)
#   Decrease number of Java threads
#   Decrease Java thread stack sizes (-Xss)
#   Set larger code cache with -XX:ReservedCodeCacheSize=
#   JVM is running with Unscaled Compressed Oops mode in which the Java heap is
#     placed in the first 4GB address space. The Java Heap base address is the
#     maximum limit for the native heap growth. Please use -XX:HeapBaseMinAddress
#     to set the Java Heap base and to place the Java Heap above 4GB virtual address.
# This output file may be truncated or incomplete.
#
#  Out of Memory Error (arena.cpp:168), pid=49796, tid=48336
#
# JRE version: OpenJDK Runtime Environment (21.0.4) (build 21.0.4+-12508038-b607.1)
# Java VM: OpenJDK 64-Bit Server VM (21.0.4+-12508038-b607.1, mixed mode, tiered, compressed oops, compressed class ptrs, g1 gc, windows-amd64)
# No core dump will be written. Minidumps are not enabled by default on client versions of Windows
#

---------------  S U M M A R Y ------------

Command Line: --add-opens=java.base/java.util=ALL-UNNAMED --add-opens=java.base/java.lang=ALL-UNNAMED --add-opens=java.base/java.lang.invoke=ALL-UNNAMED --add-opens=java.prefs/java.util.prefs=ALL-UNNAMED --add-exports=jdk.compiler/com.sun.tools.javac.api=ALL-UNNAMED --add-exports=jdk.compiler/com.sun.tools.javac.util=ALL-UNNAMED --add-opens=java.base/java.nio.charset=ALL-UNNAMED --add-opens=java.base/java.net=ALL-UNNAMED --add-opens=java.base/java.util.concurrent.atomic=ALL-UNNAMED -Xmx2048m -Dfile.encoding=UTF-8 -Duser.country=US -Duser.language=en -Duser.variant -javaagent:C:\Users\ASUS\.gradle\wrapper\dists\gradle-8.10.2-bin\a04bxjujx95o3nb99gddekhwo\gradle-8.10.2\lib\agents\gradle-instrumentation-agent-8.10.2.jar org.gradle.launcher.daemon.bootstrap.GradleDaemon 8.10.2

Host: AMD Ryzen 5 7535HS with Radeon Graphics        , 12 cores, 15G,  Windows 11 , 64 bit Build 26100 (10.0.26100.3912)
Time: Fri Jun 20 02:24:52 2025 SE Asia Standard Time elapsed time: 4405.545197 seconds (0d 1h 13m 25s)

---------------  T H R E A D  ---------------

Current thread (0x0000024e25f97ab0):  JavaThread "C2 CompilerThread0" daemon [_thread_in_native, id=48336, stack(0x000000686d300000,0x000000686d400000) (1024K)]


Current CompileTask:
C2:4405545 21551       4       org.gradle.internal.serialize.HierarchicalNameSerializer::readFirstOccurrenceOfName (60 bytes)

Stack: [0x000000686d300000,0x000000686d400000]
Native frames: (J=compiled Java code, j=interpreted, Vv=VM code, C=native code)
V  [jvm.dll+0x6ce539]
V  [jvm.dll+0x85bf03]
V  [jvm.dll+0x85e45e]
V  [jvm.dll+0x85eb43]
V  [jvm.dll+0x27dd06]
V  [jvm.dll+0xbf9cd]
V  [jvm.dll+0xbff03]
V  [jvm.dll+0x3b4deb]
V  [jvm.dll+0x1de1f2]
V  [jvm.dll+0x247544]
V  [jvm.dll+0x2469c1]
V  [jvm.dll+0x1c58a4]
V  [jvm.dll+0x255fec]
V  [jvm.dll+0x254536]
V  [jvm.dll+0x3efab6]
V  [jvm.dll+0x804418]
V  [jvm.dll+0x6cce0d]
C  [ucrtbase.dll+0x37b0]
C  [KERNEL32.DLL+0x2e8d7]
C  [ntdll.dll+0x9c5dc]


---------------  P R O C E S S  ---------------

Threads class SMR info:
_java_thread_list=0x0000024e3751cdb0, length=146, elements={
0x0000024e0c33a700, 0x0000024e25fabc50, 0x0000024e25fac6b0, 0x0000024e25faf670,
0x0000024e25fafce0, 0x0000024e25fb0740, 0x0000024e25f96d20, 0x0000024e25f97ab0,
0x0000024e25fd5040, 0x0000024e260592f0, 0x0000024e26618730, 0x0000024e2c4db860,
0x0000024e2c4a0e00, 0x0000024e2b747400, 0x0000024e2c797390, 0x0000024e2c795950,
0x0000024e2c795fe0, 0x0000024e2e4624d0, 0x0000024e2e4631f0, 0x0000024e2e464c30,
0x0000024e2cf26e30, 0x0000024e2619ad80, 0x0000024e2619b410, 0x0000024e2619baa0,
0x0000024e2619c7c0, 0x0000024e26199340, 0x0000024e2619ce50, 0x0000024e261999d0,
0x0000024e2619d4e0, 0x0000024e2619a060, 0x0000024e261a0ff0, 0x0000024e261a23a0,
0x0000024e2619ef20, 0x0000024e261a2a30, 0x0000024e261a0960, 0x0000024e261a1d10,
0x0000024e2619f5b0, 0x0000024e261a30c0, 0x0000024e261a02d0, 0x0000024e2619fc40,
0x0000024e261a3de0, 0x0000024e261a5190, 0x0000024e261a3750, 0x0000024e261a4470,
0x0000024e261a6bd0, 0x0000024e261a5eb0, 0x0000024e261a7260, 0x0000024e261a78f0,
0x0000024e261a7f80, 0x0000024e261a4b00, 0x0000024e261a8610, 0x0000024e261a6540,
0x0000024e30fbb920, 0x0000024e30fbe080, 0x0000024e30fbb290, 0x0000024e30fbe710,
0x0000024e30fbeda0, 0x0000024e30fbbfb0, 0x0000024e30fbd360, 0x0000024e30fbfac0,
0x0000024e30fc0150, 0x0000024e30fc07e0, 0x0000024e30fbd9f0, 0x0000024e30fc1500,
0x0000024e30fc35d0, 0x0000024e30fc0e70, 0x0000024e30fc28b0, 0x0000024e30fc3c60,
0x0000024e30fc5010, 0x0000024e30fc1b90, 0x0000024e30fc4980, 0x0000024e30fc42f0,
0x0000024e30fc2220, 0x0000024e30fc5d30, 0x0000024e30fc2f40, 0x0000024e30fc70e0,
0x0000024e30fc8b20, 0x0000024e30fc7770, 0x0000024e30fc7e00, 0x0000024e30fc9ed0,
0x0000024e30fc6a50, 0x0000024e30fca560, 0x0000024e30fc8490, 0x0000024e30fc91b0,
0x0000024e30fc9840, 0x0000024e319742b0, 0x0000024e31974fd0, 0x0000024e31975cf0,
0x0000024e31975660, 0x0000024e31976380, 0x0000024e31976a10, 0x0000024e319770a0,
0x0000024e31973c20, 0x0000024e3197abb0, 0x0000024e3197a520, 0x0000024e31978ae0,
0x0000024e31979e90, 0x0000024e3197b240, 0x0000024e31979170, 0x0000024e31977dc0,
0x0000024e31978450, 0x0000024e3197bf60, 0x0000024e31979800, 0x0000024e3197e6c0,
0x0000024e3197e030, 0x0000024e3197ed50, 0x0000024e3197d310, 0x0000024e3197c5f0,
0x0000024e3197f3e0, 0x0000024e3197fa70, 0x0000024e31980100, 0x0000024e3197cc80,
0x0000024e31980e20, 0x0000024e31980790, 0x0000024e3197d9a0, 0x0000024e319821d0,
0x0000024e31981b40, 0x0000024e31982860, 0x0000024e31982ef0, 0x0000024e376d1960,
0x0000024e376cff20, 0x0000024e376cf200, 0x0000024e376d12d0, 0x0000024e376d3a30,
0x0000024e376d0c40, 0x0000024e376d33a0, 0x0000024e376d05b0, 0x0000024e376d40c0,
0x0000024e376d4de0, 0x0000024e376d5470, 0x0000024e2c796d00, 0x0000024e376d7bd0,
0x0000024e25fd4970, 0x0000024e25fd5710, 0x0000024e376d8260, 0x0000024e376d88f0,
0x0000024e376d8f80, 0x0000024e376d5b00, 0x0000024e376d9610, 0x0000024e376d6190,
0x0000024e376d9ca0, 0x0000024e376dd7b0, 0x0000024e376dbd70, 0x0000024e376dc400,
0x0000024e376db050, 0x0000024e376da330
}

Java Threads: ( => current thread )
  0x0000024e0c33a700 JavaThread "main"                              [_thread_blocked, id=47152, stack(0x000000686c500000,0x000000686c600000) (1024K)]
  0x0000024e25fabc50 JavaThread "Reference Handler"          daemon [_thread_blocked, id=50012, stack(0x000000686cd00000,0x000000686ce00000) (1024K)]
  0x0000024e25fac6b0 JavaThread "Finalizer"                  daemon [_thread_blocked, id=37764, stack(0x000000686ce00000,0x000000686cf00000) (1024K)]
  0x0000024e25faf670 JavaThread "Signal Dispatcher"          daemon [_thread_blocked, id=33992, stack(0x000000686cf00000,0x000000686d000000) (1024K)]
  0x0000024e25fafce0 JavaThread "Attach Listener"            daemon [_thread_blocked, id=37616, stack(0x000000686d000000,0x000000686d100000) (1024K)]
  0x0000024e25fb0740 JavaThread "Service Thread"             daemon [_thread_blocked, id=39124, stack(0x000000686d100000,0x000000686d200000) (1024K)]
  0x0000024e25f96d20 JavaThread "Monitor Deflation Thread"   daemon [_thread_blocked, id=50288, stack(0x000000686d200000,0x000000686d300000) (1024K)]
=>0x0000024e25f97ab0 JavaThread "C2 CompilerThread0"         daemon [_thread_in_native, id=48336, stack(0x000000686d300000,0x000000686d400000) (1024K)]
  0x0000024e25fd5040 JavaThread "C1 CompilerThread0"         daemon [_thread_in_native, id=33748, stack(0x000000686d400000,0x000000686d500000) (1024K)]
  0x0000024e260592f0 JavaThread "Common-Cleaner"             daemon [_thread_blocked, id=49640, stack(0x000000686d500000,0x000000686d600000) (1024K)]
  0x0000024e26618730 JavaThread "Notification Thread"        daemon [_thread_blocked, id=42008, stack(0x000000686d600000,0x000000686d700000) (1024K)]
  0x0000024e2c4db860 JavaThread "Daemon health stats"               [_thread_blocked, id=31328, stack(0x000000686e000000,0x000000686e100000) (1024K)]
  0x0000024e2c4a0e00 JavaThread "Incoming local TCP Connector on port 50548"        [_thread_in_native, id=50828, stack(0x000000686e100000,0x000000686e200000) (1024K)]
  0x0000024e2b747400 JavaThread "Daemon periodic checks"            [_thread_blocked, id=12712, stack(0x000000686e200000,0x000000686e300000) (1024K)]
  0x0000024e2c797390 JavaThread "Cache worker for journal cache (C:\Users\ASUS\.gradle\caches\journal-1)"        [_thread_blocked, id=38180, stack(0x000000686ee00000,0x000000686ef00000) (1024K)]
  0x0000024e2c795950 JavaThread "File lock request listener"        [_thread_in_native, id=32632, stack(0x000000686ef00000,0x000000686f000000) (1024K)]
  0x0000024e2c795fe0 JavaThread "Cache worker for file hash cache (C:\Users\ASUS\.gradle\caches\8.10.2\fileHashes)"        [_thread_blocked, id=48484, stack(0x000000686f000000,0x000000686f100000) (1024K)]
  0x0000024e2e4624d0 JavaThread "File watcher server"        daemon [_thread_in_native, id=45524, stack(0x000000686f300000,0x000000686f400000) (1024K)]
  0x0000024e2e4631f0 JavaThread "File watcher consumer"      daemon [_thread_blocked, id=21124, stack(0x000000686f400000,0x000000686f500000) (1024K)]
  0x0000024e2e464c30 JavaThread "Cache worker for file content cache (C:\Users\ASUS\.gradle\caches\8.10.2\fileContent)"        [_thread_blocked, id=38380, stack(0x000000686f500000,0x000000686f600000) (1024K)]
  0x0000024e2cf26e30 JavaThread "Memory manager"                    [_thread_blocked, id=51584, stack(0x0000006871b00000,0x0000006871c00000) (1024K)]
  0x0000024e2619ad80 JavaThread "Daemon Thread 4"                   [_thread_blocked, id=56564, stack(0x000000686c300000,0x000000686c400000) (1024K)]
  0x0000024e2619b410 JavaThread "Handler for socket connection from /127.0.0.1:50548 to /127.0.0.1:52427"        [_thread_in_native, id=54716, stack(0x000000686c400000,0x000000686c500000) (1024K)]
  0x0000024e2619baa0 JavaThread "Cancel handler"                    [_thread_blocked, id=58168, stack(0x000000686d700000,0x000000686d800000) (1024K)]
  0x0000024e2619c7c0 JavaThread "Daemon worker Thread 4"            [_thread_blocked, id=57016, stack(0x000000686d800000,0x000000686d900000) (1024K)]
  0x0000024e26199340 JavaThread "Asynchronous log dispatcher for DefaultDaemonConnection: socket connection from /127.0.0.1:50548 to /127.0.0.1:52427"        [_thread_blocked, id=49980, stack(0x000000686e300000,0x000000686e400000) (1024K)]
  0x0000024e2619ce50 JavaThread "Stdin handler"                     [_thread_blocked, id=54780, stack(0x000000686e400000,0x000000686e500000) (1024K)]
  0x0000024e261999d0 JavaThread "Daemon client event forwarder"        [_thread_blocked, id=52792, stack(0x000000686e500000,0x000000686e600000) (1024K)]
  0x0000024e2619d4e0 JavaThread "Cache worker for file hash cache (C:\Users\ASUS\AndroidStudioProjects\eform\.gradle\8.10.2\fileHashes)"        [_thread_blocked, id=56748, stack(0x000000686e600000,0x000000686e700000) (1024K)]
  0x0000024e2619a060 JavaThread "Cache worker for Build Output Cleanup Cache (C:\Users\ASUS\AndroidStudioProjects\eform\.gradle\buildOutputCleanup)"        [_thread_blocked, id=57800, stack(0x000000686e700000,0x000000686e800000) (1024K)]
  0x0000024e261a0ff0 JavaThread "Cache worker for checksums cache (C:\Users\ASUS\AndroidStudioProjects\eform\.gradle\8.10.2\checksums)"        [_thread_blocked, id=47532, stack(0x000000686e800000,0x000000686e900000) (1024K)]
  0x0000024e261a23a0 JavaThread "Cache worker for cache directory md-rule (C:\Users\ASUS\.gradle\caches\8.10.2\md-rule)"        [_thread_blocked, id=34592, stack(0x000000686e900000,0x000000686ea00000) (1024K)]
  0x0000024e2619ef20 JavaThread "Cache worker for cache directory md-supplier (C:\Users\ASUS\.gradle\caches\8.10.2\md-supplier)"        [_thread_blocked, id=58260, stack(0x000000686f100000,0x000000686f200000) (1024K)]
  0x0000024e261a2a30 JavaThread "Unconstrained build operations"        [_thread_blocked, id=56168, stack(0x000000686f700000,0x000000686f800000) (1024K)]
  0x0000024e261a0960 JavaThread "Unconstrained build operations Thread 2"        [_thread_blocked, id=34528, stack(0x000000686f800000,0x000000686f900000) (1024K)]
  0x0000024e261a1d10 JavaThread "Unconstrained build operations Thread 3"        [_thread_blocked, id=50704, stack(0x000000686f900000,0x000000686fa00000) (1024K)]
  0x0000024e2619f5b0 JavaThread "Unconstrained build operations Thread 4"        [_thread_blocked, id=56756, stack(0x000000686fa00000,0x000000686fb00000) (1024K)]
  0x0000024e261a30c0 JavaThread "Unconstrained build operations Thread 5"        [_thread_blocked, id=52288, stack(0x000000686fb00000,0x000000686fc00000) (1024K)]
  0x0000024e261a02d0 JavaThread "Unconstrained build operations Thread 6"        [_thread_blocked, id=58472, stack(0x000000686fc00000,0x000000686fd00000) (1024K)]
  0x0000024e2619fc40 JavaThread "Unconstrained build operations Thread 7"        [_thread_blocked, id=50212, stack(0x000000686fd00000,0x000000686fe00000) (1024K)]
  0x0000024e261a3de0 JavaThread "Unconstrained build operations Thread 8"        [_thread_blocked, id=58360, stack(0x000000686fe00000,0x000000686ff00000) (1024K)]
  0x0000024e261a5190 JavaThread "Unconstrained build operations Thread 9"        [_thread_blocked, id=58076, stack(0x000000686ff00000,0x0000006870000000) (1024K)]
  0x0000024e261a3750 JavaThread "Unconstrained build operations Thread 10"        [_thread_blocked, id=45448, stack(0x0000006870000000,0x0000006870100000) (1024K)]
  0x0000024e261a4470 JavaThread "Unconstrained build operations Thread 11"        [_thread_blocked, id=57424, stack(0x0000006870100000,0x0000006870200000) (1024K)]
  0x0000024e261a6bd0 JavaThread "Unconstrained build operations Thread 12"        [_thread_blocked, id=57708, stack(0x0000006870200000,0x0000006870300000) (1024K)]
  0x0000024e261a5eb0 JavaThread "Unconstrained build operations Thread 13"        [_thread_blocked, id=53016, stack(0x0000006870300000,0x0000006870400000) (1024K)]
  0x0000024e261a7260 JavaThread "Unconstrained build operations Thread 14"        [_thread_blocked, id=10152, stack(0x0000006870400000,0x0000006870500000) (1024K)]
  0x0000024e261a78f0 JavaThread "Unconstrained build operations Thread 15"        [_thread_blocked, id=58576, stack(0x0000006870500000,0x0000006870600000) (1024K)]
  0x0000024e261a7f80 JavaThread "Unconstrained build operations Thread 16"        [_thread_blocked, id=58184, stack(0x0000006870600000,0x0000006870700000) (1024K)]
  0x0000024e261a4b00 JavaThread "Unconstrained build operations Thread 17"        [_thread_blocked, id=53448, stack(0x0000006870700000,0x0000006870800000) (1024K)]
  0x0000024e261a8610 JavaThread "Unconstrained build operations Thread 18"        [_thread_blocked, id=58004, stack(0x0000006870800000,0x0000006870900000) (1024K)]
  0x0000024e261a6540 JavaThread "Unconstrained build operations Thread 19"        [_thread_blocked, id=48252, stack(0x0000006870900000,0x0000006870a00000) (1024K)]
  0x0000024e30fbb920 JavaThread "Unconstrained build operations Thread 20"        [_thread_blocked, id=53496, stack(0x0000006870a00000,0x0000006870b00000) (1024K)]
  0x0000024e30fbe080 JavaThread "Unconstrained build operations Thread 21"        [_thread_blocked, id=53800, stack(0x0000006870b00000,0x0000006870c00000) (1024K)]
  0x0000024e30fbb290 JavaThread "Unconstrained build operations Thread 22"        [_thread_blocked, id=55616, stack(0x0000006870c00000,0x0000006870d00000) (1024K)]
  0x0000024e30fbe710 JavaThread "build event listener"              [_thread_blocked, id=58608, stack(0x0000006870d00000,0x0000006870e00000) (1024K)]
  0x0000024e30fbeda0 JavaThread "build event listener"              [_thread_blocked, id=43720, stack(0x0000006870e00000,0x0000006870f00000) (1024K)]
  0x0000024e30fbbfb0 JavaThread "included builds"                   [_thread_blocked, id=57888, stack(0x0000006870f00000,0x0000006871000000) (1024K)]
  0x0000024e30fbd360 JavaThread "Execution worker"                  [_thread_blocked, id=58600, stack(0x0000006871000000,0x0000006871100000) (1024K)]
  0x0000024e30fbfac0 JavaThread "Execution worker Thread 2"         [_thread_in_vm, id=47036, stack(0x0000006871100000,0x0000006871200000) (1024K)]
  0x0000024e30fc0150 JavaThread "Execution worker Thread 3"         [_thread_blocked, id=58616, stack(0x0000006871200000,0x0000006871300000) (1024K)]
  0x0000024e30fc07e0 JavaThread "Execution worker Thread 4"         [_thread_blocked, id=36440, stack(0x0000006871300000,0x0000006871400000) (1024K)]
  0x0000024e30fbd9f0 JavaThread "Execution worker Thread 5"         [_thread_blocked, id=57324, stack(0x0000006871400000,0x0000006871500000) (1024K)]
  0x0000024e30fc1500 JavaThread "Execution worker Thread 6"         [_thread_blocked, id=58604, stack(0x0000006871500000,0x0000006871600000) (1024K)]
  0x0000024e30fc35d0 JavaThread "Execution worker Thread 7"         [_thread_blocked, id=58596, stack(0x0000006871600000,0x0000006871700000) (1024K)]
  0x0000024e30fc0e70 JavaThread "Execution worker Thread 8"         [_thread_blocked, id=57560, stack(0x0000006871700000,0x0000006871800000) (1024K)]
  0x0000024e30fc28b0 JavaThread "Execution worker Thread 9"         [_thread_blocked, id=37200, stack(0x0000006871800000,0x0000006871900000) (1024K)]
  0x0000024e30fc3c60 JavaThread "Execution worker Thread 10"        [_thread_blocked, id=57860, stack(0x0000006871900000,0x0000006871a00000) (1024K)]
  0x0000024e30fc5010 JavaThread "Execution worker Thread 11"        [_thread_blocked, id=57772, stack(0x0000006871a00000,0x0000006871b00000) (1024K)]
  0x0000024e30fc1b90 JavaThread "Cache worker for execution history cache (C:\Users\ASUS\AndroidStudioProjects\eform\.gradle\8.10.2\executionHistory)"        [_thread_blocked, id=57640, stack(0x0000006871c00000,0x0000006871d00000) (1024K)]
  0x0000024e30fc4980 JavaThread "Unconstrained build operations Thread 23"        [_thread_blocked, id=58384, stack(0x0000006871d00000,0x0000006871e00000) (1024K)]
  0x0000024e30fc42f0 JavaThread "Unconstrained build operations Thread 24"        [_thread_blocked, id=54188, stack(0x0000006871e00000,0x0000006871f00000) (1024K)]
  0x0000024e30fc2220 JavaThread "Unconstrained build operations Thread 25"        [_thread_blocked, id=49384, stack(0x0000006871f00000,0x0000006872000000) (1024K)]
  0x0000024e30fc5d30 JavaThread "Unconstrained build operations Thread 26"        [_thread_blocked, id=54824, stack(0x0000006872000000,0x0000006872100000) (1024K)]
  0x0000024e30fc2f40 JavaThread "Unconstrained build operations Thread 27"        [_thread_blocked, id=54896, stack(0x0000006872100000,0x0000006872200000) (1024K)]
  0x0000024e30fc70e0 JavaThread "Unconstrained build operations Thread 28"        [_thread_blocked, id=57760, stack(0x0000006872200000,0x0000006872300000) (1024K)]
  0x0000024e30fc8b20 JavaThread "Unconstrained build operations Thread 29"        [_thread_blocked, id=58012, stack(0x0000006872300000,0x0000006872400000) (1024K)]
  0x0000024e30fc7770 JavaThread "Unconstrained build operations Thread 30"        [_thread_blocked, id=54080, stack(0x0000006872400000,0x0000006872500000) (1024K)]
  0x0000024e30fc7e00 JavaThread "Unconstrained build operations Thread 31"        [_thread_blocked, id=56484, stack(0x0000006872500000,0x0000006872600000) (1024K)]
  0x0000024e30fc9ed0 JavaThread "Unconstrained build operations Thread 32"        [_thread_blocked, id=56964, stack(0x0000006872600000,0x0000006872700000) (1024K)]
  0x0000024e30fc6a50 JavaThread "Unconstrained build operations Thread 33"        [_thread_blocked, id=58112, stack(0x0000006872700000,0x0000006872800000) (1024K)]
  0x0000024e30fca560 JavaThread "Unconstrained build operations Thread 34"        [_thread_blocked, id=55352, stack(0x0000006872800000,0x0000006872900000) (1024K)]
  0x0000024e30fc8490 JavaThread "Unconstrained build operations Thread 35"        [_thread_blocked, id=54732, stack(0x0000006872900000,0x0000006872a00000) (1024K)]
  0x0000024e30fc91b0 JavaThread "Unconstrained build operations Thread 36"        [_thread_blocked, id=50164, stack(0x0000006872a00000,0x0000006872b00000) (1024K)]
  0x0000024e30fc9840 JavaThread "Unconstrained build operations Thread 37"        [_thread_blocked, id=57596, stack(0x0000006872b00000,0x0000006872c00000) (1024K)]
  0x0000024e319742b0 JavaThread "Unconstrained build operations Thread 38"        [_thread_blocked, id=56600, stack(0x0000006872c00000,0x0000006872d00000) (1024K)]
  0x0000024e31974fd0 JavaThread "Unconstrained build operations Thread 39"        [_thread_blocked, id=54348, stack(0x0000006872d00000,0x0000006872e00000) (1024K)]
  0x0000024e31975cf0 JavaThread "Unconstrained build operations Thread 40"        [_thread_blocked, id=54468, stack(0x0000006872e00000,0x0000006872f00000) (1024K)]
  0x0000024e31975660 JavaThread "Unconstrained build operations Thread 41"        [_thread_blocked, id=56712, stack(0x0000006872f00000,0x0000006873000000) (1024K)]
  0x0000024e31976380 JavaThread "Unconstrained build operations Thread 42"        [_thread_blocked, id=55920, stack(0x0000006873000000,0x0000006873100000) (1024K)]
  0x0000024e31976a10 JavaThread "Unconstrained build operations Thread 43"        [_thread_blocked, id=56304, stack(0x0000006873100000,0x0000006873200000) (1024K)]
  0x0000024e319770a0 JavaThread "Unconstrained build operations Thread 44"        [_thread_blocked, id=58612, stack(0x0000006873200000,0x0000006873300000) (1024K)]
  0x0000024e31973c20 JavaThread "Unconstrained build operations Thread 45"        [_thread_blocked, id=58016, stack(0x0000006873300000,0x0000006873400000) (1024K)]
  0x0000024e3197abb0 JavaThread "Unconstrained build operations Thread 46"        [_thread_blocked, id=55288, stack(0x0000006873400000,0x0000006873500000) (1024K)]
  0x0000024e3197a520 JavaThread "Unconstrained build operations Thread 47"        [_thread_blocked, id=3216, stack(0x0000006873500000,0x0000006873600000) (1024K)]
  0x0000024e31978ae0 JavaThread "Unconstrained build operations Thread 48"        [_thread_blocked, id=54168, stack(0x0000006873600000,0x0000006873700000) (1024K)]
  0x0000024e31979e90 JavaThread "Unconstrained build operations Thread 49"        [_thread_blocked, id=45188, stack(0x0000006873700000,0x0000006873800000) (1024K)]
  0x0000024e3197b240 JavaThread "Unconstrained build operations Thread 50"        [_thread_blocked, id=57748, stack(0x0000006873800000,0x0000006873900000) (1024K)]
  0x0000024e31979170 JavaThread "Unconstrained build operations Thread 51"        [_thread_blocked, id=13144, stack(0x0000006873900000,0x0000006873a00000) (1024K)]
  0x0000024e31977dc0 JavaThread "Unconstrained build operations Thread 52"        [_thread_blocked, id=52012, stack(0x0000006873a00000,0x0000006873b00000) (1024K)]
  0x0000024e31978450 JavaThread "Unconstrained build operations Thread 53"        [_thread_blocked, id=54476, stack(0x0000006873b00000,0x0000006873c00000) (1024K)]
  0x0000024e3197bf60 JavaThread "Unconstrained build operations Thread 54"        [_thread_blocked, id=56396, stack(0x0000006873c00000,0x0000006873d00000) (1024K)]
  0x0000024e31979800 JavaThread "Unconstrained build operations Thread 55"        [_thread_blocked, id=56368, stack(0x0000006873d00000,0x0000006873e00000) (1024K)]
  0x0000024e3197e6c0 JavaThread "Unconstrained build operations Thread 56"        [_thread_blocked, id=55268, stack(0x0000006873e00000,0x0000006873f00000) (1024K)]
  0x0000024e3197e030 JavaThread "Unconstrained build operations Thread 57"        [_thread_blocked, id=44756, stack(0x0000006873f00000,0x0000006874000000) (1024K)]
  0x0000024e3197ed50 JavaThread "Unconstrained build operations Thread 58"        [_thread_blocked, id=49116, stack(0x0000006874000000,0x0000006874100000) (1024K)]
  0x0000024e3197d310 JavaThread "Unconstrained build operations Thread 59"        [_thread_blocked, id=46732, stack(0x0000006874100000,0x0000006874200000) (1024K)]
  0x0000024e3197c5f0 JavaThread "Unconstrained build operations Thread 60"        [_thread_blocked, id=55584, stack(0x0000006874200000,0x0000006874300000) (1024K)]
  0x0000024e3197f3e0 JavaThread "Unconstrained build operations Thread 61"        [_thread_blocked, id=39560, stack(0x0000006874300000,0x0000006874400000) (1024K)]
  0x0000024e3197fa70 JavaThread "Unconstrained build operations Thread 62"        [_thread_blocked, id=55968, stack(0x0000006874400000,0x0000006874500000) (1024K)]
  0x0000024e31980100 JavaThread "Unconstrained build operations Thread 63"        [_thread_blocked, id=55020, stack(0x0000006874500000,0x0000006874600000) (1024K)]
  0x0000024e3197cc80 JavaThread "Unconstrained build operations Thread 64"        [_thread_blocked, id=44144, stack(0x0000006874600000,0x0000006874700000) (1024K)]
  0x0000024e31980e20 JavaThread "Unconstrained build operations Thread 65"        [_thread_blocked, id=56536, stack(0x0000006874700000,0x0000006874800000) (1024K)]
  0x0000024e31980790 JavaThread "Unconstrained build operations Thread 66"        [_thread_blocked, id=56596, stack(0x0000006874800000,0x0000006874900000) (1024K)]
  0x0000024e3197d9a0 JavaThread "WorkerExecutor Queue"              [_thread_blocked, id=57272, stack(0x0000006874900000,0x0000006874a00000) (1024K)]
  0x0000024e319821d0 JavaThread "Unconstrained build operations Thread 67"        [_thread_blocked, id=56836, stack(0x0000006874b00000,0x0000006874c00000) (1024K)]
  0x0000024e31981b40 JavaThread "Unconstrained build operations Thread 68"        [_thread_blocked, id=56640, stack(0x0000006874c00000,0x0000006874d00000) (1024K)]
  0x0000024e31982860 JavaThread "Unconstrained build operations Thread 69"        [_thread_blocked, id=57152, stack(0x0000006874d00000,0x0000006874e00000) (1024K)]
  0x0000024e31982ef0 JavaThread "Unconstrained build operations Thread 70"        [_thread_blocked, id=31672, stack(0x0000006874e00000,0x0000006874f00000) (1024K)]
  0x0000024e376d1960 JavaThread "Unconstrained build operations Thread 71"        [_thread_blocked, id=50128, stack(0x0000006874f00000,0x0000006875000000) (1024K)]
  0x0000024e376cff20 JavaThread "Unconstrained build operations Thread 72"        [_thread_blocked, id=57104, stack(0x0000006875000000,0x0000006875100000) (1024K)]
  0x0000024e376cf200 JavaThread "Unconstrained build operations Thread 73"        [_thread_blocked, id=57260, stack(0x0000006875100000,0x0000006875200000) (1024K)]
  0x0000024e376d12d0 JavaThread "Unconstrained build operations Thread 74"        [_thread_blocked, id=58212, stack(0x0000006875200000,0x0000006875300000) (1024K)]
  0x0000024e376d3a30 JavaThread "Unconstrained build operations Thread 75"        [_thread_blocked, id=56660, stack(0x0000006875300000,0x0000006875400000) (1024K)]
  0x0000024e376d0c40 JavaThread "RMI Scheduler(0)"           daemon [_thread_blocked, id=53660, stack(0x0000006874a00000,0x0000006874b00000) (1024K)]
  0x0000024e376d33a0 JavaThread "RMI RenewClean-[127.0.0.1:17468,org.jetbrains.kotlin.daemon.common.LoopbackNetworkInterface$ClientLoopbackSocketFactory@374c116f]" daemon [_thread_blocked, id=58552, stack(0x0000006875400000,0x0000006875500000) (1024K)]
  0x0000024e376d05b0 JavaThread "RMI GC Daemon"              daemon [_thread_blocked, id=55660, stack(0x0000006875500000,0x0000006875600000) (1024K)]
  0x0000024e376d40c0 JavaThread "RMI TCP Accept-0"           daemon [_thread_in_native, id=56432, stack(0x0000006875600000,0x0000006875700000) (1024K)]
  0x0000024e376d4de0 JavaThread "RMI Reaper"                        [_thread_blocked, id=57536, stack(0x0000006875700000,0x0000006875800000) (1024K)]
  0x0000024e376d5470 JavaThread "RMI TCP Connection(2)-127.0.0.1" daemon [_thread_in_native, id=45484, stack(0x0000006875800000,0x0000006875900000) (1024K)]
  0x0000024e2c796d00 JavaThread "WorkerExecutor Queue Thread 2"        [_thread_blocked, id=49592, stack(0x0000006875900000,0x0000006875a00000) (1024K)]
  0x0000024e376d7bd0 JavaThread "WorkerExecutor Queue Thread 3"        [_thread_blocked, id=58768, stack(0x0000006875a00000,0x0000006875b00000) (1024K)]
  0x0000024e25fd4970 JavaThread "C2 CompilerThread1"         daemon [_thread_in_native, id=57364, stack(0x000000686f600000,0x000000686f700000) (1024K)]
  0x0000024e25fd5710 JavaThread "C2 CompilerThread2"         daemon [_thread_in_native, id=54180, stack(0x0000006875b00000,0x0000006875c00000) (1024K)]
  0x0000024e376d8260 JavaThread "Cache worker for Java compile cache (C:\Users\ASUS\.gradle\caches\8.10.2\javaCompile)"        [_thread_blocked, id=58148, stack(0x000000686f200000,0x000000686f300000) (1024K)]
  0x0000024e376d88f0 JavaThread "Build operations"                  [_thread_blocked, id=58788, stack(0x0000006875c00000,0x0000006875d00000) (1024K)]
  0x0000024e376d8f80 JavaThread "Build operations Thread 2"         [_thread_blocked, id=58712, stack(0x0000006875d00000,0x0000006875e00000) (1024K)]
  0x0000024e376d5b00 JavaThread "Build operations Thread 3"         [_thread_blocked, id=58704, stack(0x0000006875e00000,0x0000006875f00000) (1024K)]
  0x0000024e376d9610 JavaThread "Build operations Thread 4"         [_thread_blocked, id=58760, stack(0x0000006875f00000,0x0000006876000000) (1024K)]
  0x0000024e376d6190 JavaThread "Build operations Thread 5"         [_thread_blocked, id=57088, stack(0x0000006876000000,0x0000006876100000) (1024K)]
  0x0000024e376d9ca0 JavaThread "Build operations Thread 6"         [_thread_blocked, id=57308, stack(0x0000006876100000,0x0000006876200000) (1024K)]
  0x0000024e376dd7b0 JavaThread "Build operations Thread 7"         [_thread_blocked, id=58980, stack(0x0000006876200000,0x0000006876300000) (1024K)]
  0x0000024e376dbd70 JavaThread "Build operations Thread 8"         [_thread_blocked, id=58940, stack(0x0000006876300000,0x0000006876400000) (1024K)]
  0x0000024e376dc400 JavaThread "Build operations Thread 9"         [_thread_blocked, id=58036, stack(0x0000006876400000,0x0000006876500000) (1024K)]
  0x0000024e376db050 JavaThread "Build operations Thread 10"        [_thread_blocked, id=58988, stack(0x0000006876500000,0x0000006876600000) (1024K)]
  0x0000024e376da330 JavaThread "Build operations Thread 11"        [_thread_blocked, id=57632, stack(0x0000006876600000,0x0000006876700000) (1024K)]
Total: 146

Other Threads:
  0x0000024e25f43730 VMThread "VM Thread"                           [id=29568, stack(0x000000686cc00000,0x000000686cd00000) (1024K)]
  0x0000024e25f11150 WatcherThread "VM Periodic Task Thread"        [id=34032, stack(0x000000686cb00000,0x000000686cc00000) (1024K)]
  0x0000024e0c392b10 WorkerThread "GC Thread#0"                     [id=20928, stack(0x000000686c600000,0x000000686c700000) (1024K)]
  0x0000024e26adb680 WorkerThread "GC Thread#1"                     [id=51268, stack(0x000000686d900000,0x000000686da00000) (1024K)]
  0x0000024e26bb61f0 WorkerThread "GC Thread#2"                     [id=46980, stack(0x000000686da00000,0x000000686db00000) (1024K)]
  0x0000024e26aca910 WorkerThread "GC Thread#3"                     [id=39940, stack(0x000000686db00000,0x000000686dc00000) (1024K)]
  0x0000024e26acacb0 WorkerThread "GC Thread#4"                     [id=41268, stack(0x000000686dc00000,0x000000686dd00000) (1024K)]
  0x0000024e2c302eb0 WorkerThread "GC Thread#5"                     [id=50660, stack(0x000000686dd00000,0x000000686de00000) (1024K)]
  0x0000024e2ba989f0 WorkerThread "GC Thread#6"                     [id=13988, stack(0x000000686de00000,0x000000686df00000) (1024K)]
  0x0000024e2ba98d90 WorkerThread "GC Thread#7"                     [id=50484, stack(0x000000686df00000,0x000000686e000000) (1024K)]
  0x0000024e2c6aa520 WorkerThread "GC Thread#8"                     [id=36072, stack(0x000000686ea00000,0x000000686eb00000) (1024K)]
  0x0000024e2c6aa8c0 WorkerThread "GC Thread#9"                     [id=50848, stack(0x000000686eb00000,0x000000686ec00000) (1024K)]
  0x0000024e0c3e1b80 ConcurrentGCThread "G1 Main Marker"            [id=49532, stack(0x000000686c700000,0x000000686c800000) (1024K)]
  0x0000024e0c3e2e20 WorkerThread "G1 Conc#0"                       [id=32688, stack(0x000000686c800000,0x000000686c900000) (1024K)]
  0x0000024e2c6a9a40 WorkerThread "G1 Conc#1"                       [id=31992, stack(0x000000686ec00000,0x000000686ed00000) (1024K)]
  0x0000024e2c6aa180 WorkerThread "G1 Conc#2"                       [id=32824, stack(0x000000686ed00000,0x000000686ee00000) (1024K)]
  0x0000024e25d80a00 ConcurrentGCThread "G1 Refine#0"               [id=50756, stack(0x000000686c900000,0x000000686ca00000) (1024K)]
  0x0000024e25d81480 ConcurrentGCThread "G1 Service"                [id=48352, stack(0x000000686ca00000,0x000000686cb00000) (1024K)]
Total: 18

Threads with active compile tasks:
C2 CompilerThread0  4406075 21551       4       org.gradle.internal.serialize.HierarchicalNameSerializer::readFirstOccurrenceOfName (60 bytes)
C1 CompilerThread0  4406075 21669       3       com.google.common.collect.AbstractMapBasedMultimap$AsMap$AsMapIterator::next (5 bytes)
C2 CompilerThread1  4406075 21541       4       org.gradle.internal.serialize.HierarchicalNameSerializer::readName (51 bytes)
C2 CompilerThread2  4406075 21550       4       org.gradle.internal.serialize.HierarchicalNameSerializer::read (20 bytes)
Total: 4

VM state: not at safepoint (normal execution)

VM Mutex/Monitor currently owned by a thread: None

Heap address: 0x0000000080000000, size: 2048 MB, Compressed Oops mode: 32-bit

CDS archive(s) not mapped
Compressed class space mapped at: 0x0000000100000000-0x0000000140000000, reserved size: 1073741824
Narrow klass base: 0x0000000000000000, Narrow klass shift: 3, Narrow klass range: 0x140000000

GC Precious Log:
 CardTable entry size: 512
 Card Set container configuration: InlinePtr #cards 5 size 8 Array Of Cards #cards 12 size 40 Howl #buckets 4 coarsen threshold 1843 Howl Bitmap #cards 512 size 80 coarsen threshold 460 Card regions per heap region 1 cards per card region 2048
 CPUs: 12 total, 12 available
 Memory: 15690M
 Large Page Support: Disabled
 NUMA Support: Disabled
 Compressed Oops: Enabled (32-bit)
 Heap Region Size: 1M
 Heap Min Capacity: 8M
 Heap Initial Capacity: 246M
 Heap Max Capacity: 2G
 Pre-touch: Disabled
 Parallel Workers: 10
 Concurrent Workers: 3
 Concurrent Refinement Workers: 10
 Periodic GC: Disabled

Heap:
 garbage-first heap   total 266240K, used 229261K [0x0000000080000000, 0x0000000100000000)
  region size 1024K, 91 young (93184K), 6 survivors (6144K)
 Metaspace       used 137468K, committed 138880K, reserved 1179648K
  class space    used 17958K, committed 18688K, reserved 1048576K

Heap Regions: E=young(eden), S=young(survivor), O=old, HS=humongous(starts), HC=humongous(continues), CS=collection set, F=free, TAMS=top-at-mark-start, PB=parsable bottom
|   0|0x0000000080000000, 0x0000000080100000, 0x0000000080100000|100%| O|  |TAMS 0x0000000080000000| PB 0x0000000080000000| Untracked 
|   1|0x0000000080100000, 0x0000000080200000, 0x0000000080200000|100%| O|  |TAMS 0x0000000080100000| PB 0x0000000080100000| Untracked 
|   2|0x0000000080200000, 0x0000000080300000, 0x0000000080300000|100%|HS|  |TAMS 0x0000000080200000| PB 0x0000000080200000| Complete 
|   3|0x0000000080300000, 0x0000000080400000, 0x0000000080400000|100%|HC|  |TAMS 0x0000000080300000| PB 0x0000000080300000| Complete 
|   4|0x0000000080400000, 0x0000000080500000, 0x0000000080500000|100%|HC|  |TAMS 0x0000000080400000| PB 0x0000000080400000| Complete 
|   5|0x0000000080500000, 0x0000000080600000, 0x0000000080600000|100%|HC|  |TAMS 0x0000000080500000| PB 0x0000000080500000| Complete 
|   6|0x0000000080600000, 0x0000000080700000, 0x0000000080700000|100%| O|  |TAMS 0x0000000080600000| PB 0x0000000080600000| Untracked 
|   7|0x0000000080700000, 0x0000000080800000, 0x0000000080800000|100%| O|  |TAMS 0x0000000080700000| PB 0x0000000080700000| Untracked 
|   8|0x0000000080800000, 0x0000000080900000, 0x0000000080900000|100%| O|  |TAMS 0x0000000080800000| PB 0x0000000080800000| Untracked 
|   9|0x0000000080900000, 0x0000000080a00000, 0x0000000080a00000|100%| O|  |TAMS 0x0000000080900000| PB 0x0000000080900000| Untracked 
|  10|0x0000000080a00000, 0x0000000080b00000, 0x0000000080b00000|100%|HS|  |TAMS 0x0000000080a00000| PB 0x0000000080a00000| Complete 
|  11|0x0000000080b00000, 0x0000000080c00000, 0x0000000080c00000|100%| O|  |TAMS 0x0000000080b00000| PB 0x0000000080b00000| Untracked 
|  12|0x0000000080c00000, 0x0000000080d00000, 0x0000000080d00000|100%| O|  |TAMS 0x0000000080c00000| PB 0x0000000080c00000| Untracked 
|  13|0x0000000080d00000, 0x0000000080e00000, 0x0000000080e00000|100%| O|  |TAMS 0x0000000080d00000| PB 0x0000000080d00000| Untracked 
|  14|0x0000000080e00000, 0x0000000080f00000, 0x0000000080f00000|100%| O|  |TAMS 0x0000000080e00000| PB 0x0000000080e00000| Untracked 
|  15|0x0000000080f00000, 0x0000000081000000, 0x0000000081000000|100%| O|  |TAMS 0x0000000080f00000| PB 0x0000000080f00000| Untracked 
|  16|0x0000000081000000, 0x0000000081100000, 0x0000000081100000|100%| O|  |TAMS 0x0000000081000000| PB 0x0000000081000000| Untracked 
|  17|0x0000000081100000, 0x0000000081200000, 0x0000000081200000|100%| O|  |TAMS 0x0000000081100000| PB 0x0000000081100000| Untracked 
|  18|0x0000000081200000, 0x0000000081300000, 0x0000000081300000|100%| O|  |TAMS 0x0000000081200000| PB 0x0000000081200000| Untracked 
|  19|0x0000000081300000, 0x0000000081400000, 0x0000000081400000|100%| O|  |TAMS 0x0000000081300000| PB 0x0000000081300000| Untracked 
|  20|0x0000000081400000, 0x0000000081500000, 0x0000000081500000|100%| O|  |TAMS 0x0000000081400000| PB 0x0000000081400000| Untracked 
|  21|0x0000000081500000, 0x0000000081600000, 0x0000000081600000|100%| O|  |TAMS 0x0000000081500000| PB 0x0000000081500000| Untracked 
|  22|0x0000000081600000, 0x0000000081700000, 0x0000000081700000|100%| O|  |TAMS 0x0000000081600000| PB 0x0000000081600000| Untracked 
|  23|0x0000000081700000, 0x0000000081800000, 0x0000000081800000|100%| O|  |TAMS 0x0000000081700000| PB 0x0000000081700000| Untracked 
|  24|0x0000000081800000, 0x0000000081900000, 0x0000000081900000|100%| O|  |TAMS 0x0000000081800000| PB 0x0000000081800000| Untracked 
|  25|0x0000000081900000, 0x0000000081a00000, 0x0000000081a00000|100%| O|  |TAMS 0x0000000081900000| PB 0x0000000081900000| Untracked 
|  26|0x0000000081a00000, 0x0000000081b00000, 0x0000000081b00000|100%| O|  |TAMS 0x0000000081a00000| PB 0x0000000081a00000| Untracked 
|  27|0x0000000081b00000, 0x0000000081c00000, 0x0000000081c00000|100%| O|  |TAMS 0x0000000081b00000| PB 0x0000000081b00000| Untracked 
|  28|0x0000000081c00000, 0x0000000081d00000, 0x0000000081d00000|100%| O|  |TAMS 0x0000000081c00000| PB 0x0000000081c00000| Untracked 
|  29|0x0000000081d00000, 0x0000000081e00000, 0x0000000081e00000|100%| O|  |TAMS 0x0000000081d00000| PB 0x0000000081d00000| Untracked 
|  30|0x0000000081e00000, 0x0000000081f00000, 0x0000000081f00000|100%| O|  |TAMS 0x0000000081e00000| PB 0x0000000081e00000| Untracked 
|  31|0x0000000081f00000, 0x0000000082000000, 0x0000000082000000|100%| O|  |TAMS 0x0000000081f00000| PB 0x0000000081f00000| Untracked 
|  32|0x0000000082000000, 0x0000000082100000, 0x0000000082100000|100%| O|Cm|TAMS 0x0000000082000000| PB 0x0000000082000000| Complete 
|  33|0x0000000082100000, 0x0000000082200000, 0x0000000082200000|100%|HS|  |TAMS 0x0000000082100000| PB 0x0000000082100000| Complete 
|  34|0x0000000082200000, 0x0000000082300000, 0x0000000082300000|100%| O|  |TAMS 0x0000000082200000| PB 0x0000000082200000| Untracked 
|  35|0x0000000082300000, 0x0000000082400000, 0x0000000082400000|100%| O|  |TAMS 0x0000000082300000| PB 0x0000000082300000| Untracked 
|  36|0x0000000082400000, 0x0000000082500000, 0x0000000082500000|100%| O|  |TAMS 0x0000000082400000| PB 0x0000000082400000| Untracked 
|  37|0x0000000082500000, 0x0000000082600000, 0x0000000082600000|100%| O|  |TAMS 0x0000000082500000| PB 0x0000000082500000| Untracked 
|  38|0x0000000082600000, 0x0000000082700000, 0x0000000082700000|100%| O|  |TAMS 0x0000000082600000| PB 0x0000000082600000| Untracked 
|  39|0x0000000082700000, 0x0000000082800000, 0x0000000082800000|100%|HS|  |TAMS 0x0000000082700000| PB 0x0000000082700000| Complete 
|  40|0x0000000082800000, 0x0000000082900000, 0x0000000082900000|100%| O|Cm|TAMS 0x0000000082800000| PB 0x0000000082800000| Complete 
|  41|0x0000000082900000, 0x0000000082a00000, 0x0000000082a00000|100%| O|  |TAMS 0x0000000082900000| PB 0x0000000082900000| Untracked 
|  42|0x0000000082a00000, 0x0000000082b00000, 0x0000000082b00000|100%| O|  |TAMS 0x0000000082a00000| PB 0x0000000082a00000| Untracked 
|  43|0x0000000082b00000, 0x0000000082c00000, 0x0000000082c00000|100%|HS|  |TAMS 0x0000000082b00000| PB 0x0000000082b00000| Complete 
|  44|0x0000000082c00000, 0x0000000082d00000, 0x0000000082d00000|100%| O|  |TAMS 0x0000000082c00000| PB 0x0000000082c00000| Untracked 
|  45|0x0000000082d00000, 0x0000000082e00000, 0x0000000082e00000|100%| O|  |TAMS 0x0000000082d00000| PB 0x0000000082d00000| Untracked 
|  46|0x0000000082e00000, 0x0000000082f00000, 0x0000000082f00000|100%| O|  |TAMS 0x0000000082e00000| PB 0x0000000082e00000| Untracked 
|  47|0x0000000082f00000, 0x0000000083000000, 0x0000000083000000|100%|HS|  |TAMS 0x0000000082f00000| PB 0x0000000082f00000| Complete 
|  48|0x0000000083000000, 0x0000000083100000, 0x0000000083100000|100%|HS|  |TAMS 0x0000000083000000| PB 0x0000000083000000| Complete 
|  49|0x0000000083100000, 0x0000000083200000, 0x0000000083200000|100%|HS|  |TAMS 0x0000000083100000| PB 0x0000000083100000| Complete 
|  50|0x0000000083200000, 0x0000000083300000, 0x0000000083300000|100%| O|  |TAMS 0x0000000083200000| PB 0x0000000083200000| Untracked 
|  51|0x0000000083300000, 0x0000000083400000, 0x0000000083400000|100%|HS|  |TAMS 0x0000000083300000| PB 0x0000000083300000| Complete 
|  52|0x0000000083400000, 0x0000000083500000, 0x0000000083500000|100%|HC|  |TAMS 0x0000000083400000| PB 0x0000000083400000| Complete 
|  53|0x0000000083500000, 0x0000000083600000, 0x0000000083600000|100%|HS|  |TAMS 0x0000000083500000| PB 0x0000000083500000| Complete 
|  54|0x0000000083600000, 0x0000000083700000, 0x0000000083700000|100%|HC|  |TAMS 0x0000000083600000| PB 0x0000000083600000| Complete 
|  55|0x0000000083700000, 0x0000000083800000, 0x0000000083800000|100%|HS|  |TAMS 0x0000000083700000| PB 0x0000000083700000| Complete 
|  56|0x0000000083800000, 0x0000000083900000, 0x0000000083900000|100%|HS|  |TAMS 0x0000000083800000| PB 0x0000000083800000| Complete 
|  57|0x0000000083900000, 0x0000000083a00000, 0x0000000083a00000|100%|HC|  |TAMS 0x0000000083900000| PB 0x0000000083900000| Complete 
|  58|0x0000000083a00000, 0x0000000083b00000, 0x0000000083b00000|100%|HC|  |TAMS 0x0000000083a00000| PB 0x0000000083a00000| Complete 
|  59|0x0000000083b00000, 0x0000000083c00000, 0x0000000083c00000|100%|HS|  |TAMS 0x0000000083b00000| PB 0x0000000083b00000| Complete 
|  60|0x0000000083c00000, 0x0000000083d00000, 0x0000000083d00000|100%| O|  |TAMS 0x0000000083c00000| PB 0x0000000083c00000| Untracked 
|  61|0x0000000083d00000, 0x0000000083e00000, 0x0000000083e00000|100%|HS|  |TAMS 0x0000000083d00000| PB 0x0000000083d00000| Complete 
|  62|0x0000000083e00000, 0x0000000083f00000, 0x0000000083f00000|100%|HS|  |TAMS 0x0000000083e00000| PB 0x0000000083e00000| Complete 
|  63|0x0000000083f00000, 0x0000000084000000, 0x0000000084000000|100%| O|  |TAMS 0x0000000083f00000| PB 0x0000000083f00000| Untracked 
|  64|0x0000000084000000, 0x0000000084100000, 0x0000000084100000|100%| O|  |TAMS 0x0000000084000000| PB 0x0000000084000000| Untracked 
|  65|0x0000000084100000, 0x0000000084200000, 0x0000000084200000|100%| O|  |TAMS 0x0000000084100000| PB 0x0000000084100000| Untracked 
|  66|0x0000000084200000, 0x0000000084300000, 0x0000000084300000|100%| O|  |TAMS 0x0000000084200000| PB 0x0000000084200000| Untracked 
|  67|0x0000000084300000, 0x0000000084400000, 0x0000000084400000|100%| O|  |TAMS 0x0000000084300000| PB 0x0000000084300000| Untracked 
|  68|0x0000000084400000, 0x0000000084500000, 0x0000000084500000|100%| O|  |TAMS 0x0000000084400000| PB 0x0000000084400000| Untracked 
|  69|0x0000000084500000, 0x0000000084600000, 0x0000000084600000|100%| O|  |TAMS 0x0000000084500000| PB 0x0000000084500000| Untracked 
|  70|0x0000000084600000, 0x0000000084700000, 0x0000000084700000|100%| O|  |TAMS 0x0000000084600000| PB 0x0000000084600000| Untracked 
|  71|0x0000000084700000, 0x0000000084800000, 0x0000000084800000|100%|HS|  |TAMS 0x0000000084700000| PB 0x0000000084700000| Complete 
|  72|0x0000000084800000, 0x0000000084900000, 0x0000000084900000|100%| O|  |TAMS 0x0000000084800000| PB 0x0000000084800000| Untracked 
|  73|0x0000000084900000, 0x0000000084a00000, 0x0000000084a00000|100%| O|  |TAMS 0x0000000084900000| PB 0x0000000084900000| Untracked 
|  74|0x0000000084a00000, 0x0000000084b00000, 0x0000000084b00000|100%| O|  |TAMS 0x0000000084a00000| PB 0x0000000084a00000| Untracked 
|  75|0x0000000084b00000, 0x0000000084c00000, 0x0000000084c00000|100%|HS|  |TAMS 0x0000000084b00000| PB 0x0000000084b00000| Complete 
|  76|0x0000000084c00000, 0x0000000084d00000, 0x0000000084d00000|100%|HS|  |TAMS 0x0000000084c00000| PB 0x0000000084c00000| Complete 
|  77|0x0000000084d00000, 0x0000000084e00000, 0x0000000084e00000|100%|HC|  |TAMS 0x0000000084d00000| PB 0x0000000084d00000| Complete 
|  78|0x0000000084e00000, 0x0000000084f00000, 0x0000000084f00000|100%|HC|  |TAMS 0x0000000084e00000| PB 0x0000000084e00000| Complete 
|  79|0x0000000084f00000, 0x0000000085000000, 0x0000000085000000|100%| O|  |TAMS 0x0000000084f00000| PB 0x0000000084f00000| Untracked 
|  80|0x0000000085000000, 0x0000000085100000, 0x0000000085100000|100%| O|  |TAMS 0x0000000085000000| PB 0x0000000085000000| Untracked 
|  81|0x0000000085100000, 0x0000000085200000, 0x0000000085200000|100%| O|  |TAMS 0x0000000085100000| PB 0x0000000085100000| Untracked 
|  82|0x0000000085200000, 0x0000000085300000, 0x0000000085300000|100%| O|  |TAMS 0x0000000085200000| PB 0x0000000085200000| Untracked 
|  83|0x0000000085300000, 0x0000000085300000, 0x0000000085400000|  0%| F|  |TAMS 0x0000000085300000| PB 0x0000000085300000| Untracked 
|  84|0x0000000085400000, 0x0000000085500000, 0x0000000085500000|100%| O|  |TAMS 0x0000000085400000| PB 0x0000000085400000| Untracked 
|  85|0x0000000085500000, 0x0000000085600000, 0x0000000085600000|100%| O|  |TAMS 0x0000000085500000| PB 0x0000000085500000| Untracked 
|  86|0x0000000085600000, 0x0000000085700000, 0x0000000085700000|100%| O|Cm|TAMS 0x0000000085600000| PB 0x0000000085600000| Complete 
|  87|0x0000000085700000, 0x0000000085700000, 0x0000000085800000|  0%| F|  |TAMS 0x0000000085700000| PB 0x0000000085700000| Untracked 
|  88|0x0000000085800000, 0x0000000085900000, 0x0000000085900000|100%| O|Cm|TAMS 0x0000000085800000| PB 0x0000000085800000| Complete 
|  89|0x0000000085900000, 0x0000000085900000, 0x0000000085a00000|  0%| F|  |TAMS 0x0000000085900000| PB 0x0000000085900000| Untracked 
|  90|0x0000000085a00000, 0x0000000085b00000, 0x0000000085b00000|100%| O|  |TAMS 0x0000000085a00000| PB 0x0000000085a00000| Untracked 
|  91|0x0000000085b00000, 0x0000000085b00000, 0x0000000085c00000|  0%| F|  |TAMS 0x0000000085b00000| PB 0x0000000085b00000| Untracked 
|  92|0x0000000085c00000, 0x0000000085d00000, 0x0000000085d00000|100%| O|  |TAMS 0x0000000085c00000| PB 0x0000000085c00000| Untracked 
|  93|0x0000000085d00000, 0x0000000085d00000, 0x0000000085e00000|  0%| F|  |TAMS 0x0000000085d00000| PB 0x0000000085d00000| Untracked 
|  94|0x0000000085e00000, 0x0000000085e00000, 0x0000000085f00000|  0%| F|  |TAMS 0x0000000085e00000| PB 0x0000000085e00000| Untracked 
|  95|0x0000000085f00000, 0x0000000086000000, 0x0000000086000000|100%| O|  |TAMS 0x0000000085f00000| PB 0x0000000085f00000| Untracked 
|  96|0x0000000086000000, 0x0000000086100000, 0x0000000086100000|100%|HS|  |TAMS 0x0000000086000000| PB 0x0000000086000000| Complete 
|  97|0x0000000086100000, 0x0000000086200000, 0x0000000086200000|100%| O|  |TAMS 0x0000000086100000| PB 0x0000000086100000| Untracked 
|  98|0x0000000086200000, 0x0000000086200000, 0x0000000086300000|  0%| F|  |TAMS 0x0000000086200000| PB 0x0000000086200000| Untracked 
|  99|0x0000000086300000, 0x0000000086300000, 0x0000000086400000|  0%| F|  |TAMS 0x0000000086300000| PB 0x0000000086300000| Untracked 
| 100|0x0000000086400000, 0x0000000086400000, 0x0000000086500000|  0%| F|  |TAMS 0x0000000086400000| PB 0x0000000086400000| Untracked 
| 101|0x0000000086500000, 0x0000000086500000, 0x0000000086600000|  0%| F|  |TAMS 0x0000000086500000| PB 0x0000000086500000| Untracked 
| 102|0x0000000086600000, 0x0000000086600000, 0x0000000086700000|  0%| F|  |TAMS 0x0000000086600000| PB 0x0000000086600000| Untracked 
| 103|0x0000000086700000, 0x0000000086800000, 0x0000000086800000|100%| O|  |TAMS 0x0000000086700000| PB 0x0000000086700000| Untracked 
| 104|0x0000000086800000, 0x0000000086900000, 0x0000000086900000|100%| O|  |TAMS 0x0000000086800000| PB 0x0000000086800000| Untracked 
| 105|0x0000000086900000, 0x0000000086900000, 0x0000000086a00000|  0%| F|  |TAMS 0x0000000086900000| PB 0x0000000086900000| Untracked 
| 106|0x0000000086a00000, 0x0000000086a00000, 0x0000000086b00000|  0%| F|  |TAMS 0x0000000086a00000| PB 0x0000000086a00000| Untracked 
| 107|0x0000000086b00000, 0x0000000086c00000, 0x0000000086c00000|100%| O|  |TAMS 0x0000000086b00000| PB 0x0000000086b00000| Untracked 
| 108|0x0000000086c00000, 0x0000000086d00000, 0x0000000086d00000|100%| O|  |TAMS 0x0000000086c00000| PB 0x0000000086c00000| Untracked 
| 109|0x0000000086d00000, 0x0000000086d00000, 0x0000000086e00000|  0%| F|  |TAMS 0x0000000086d00000| PB 0x0000000086d00000| Untracked 
| 110|0x0000000086e00000, 0x0000000086e00000, 0x0000000086f00000|  0%| F|  |TAMS 0x0000000086e00000| PB 0x0000000086e00000| Untracked 
| 111|0x0000000086f00000, 0x0000000086f00000, 0x0000000087000000|  0%| F|  |TAMS 0x0000000086f00000| PB 0x0000000086f00000| Untracked 
| 112|0x0000000087000000, 0x0000000087000000, 0x0000000087100000|  0%| F|  |TAMS 0x0000000087000000| PB 0x0000000087000000| Untracked 
| 113|0x0000000087100000, 0x0000000087200000, 0x0000000087200000|100%| O|  |TAMS 0x0000000087100000| PB 0x0000000087100000| Untracked 
| 114|0x0000000087200000, 0x0000000087300000, 0x0000000087300000|100%| O|  |TAMS 0x0000000087200000| PB 0x0000000087200000| Untracked 
| 115|0x0000000087300000, 0x0000000087400000, 0x0000000087400000|100%| O|  |TAMS 0x0000000087300000| PB 0x0000000087300000| Untracked 
| 116|0x0000000087400000, 0x0000000087400000, 0x0000000087500000|  0%| F|  |TAMS 0x0000000087400000| PB 0x0000000087400000| Untracked 
| 117|0x0000000087500000, 0x0000000087600000, 0x0000000087600000|100%| O|  |TAMS 0x0000000087500000| PB 0x0000000087500000| Untracked 
| 118|0x0000000087600000, 0x00000000876cc958, 0x0000000087700000| 79%| O|  |TAMS 0x0000000087600000| PB 0x0000000087600000| Untracked 
| 119|0x0000000087700000, 0x0000000087800000, 0x0000000087800000|100%| O|  |TAMS 0x0000000087700000| PB 0x0000000087700000| Untracked 
| 120|0x0000000087800000, 0x0000000087900000, 0x0000000087900000|100%| O|  |TAMS 0x0000000087800000| PB 0x0000000087800000| Untracked 
| 121|0x0000000087900000, 0x0000000087a00000, 0x0000000087a00000|100%| O|  |TAMS 0x0000000087900000| PB 0x0000000087900000| Untracked 
| 122|0x0000000087a00000, 0x0000000087b00000, 0x0000000087b00000|100%| O|  |TAMS 0x0000000087a00000| PB 0x0000000087a00000| Untracked 
| 123|0x0000000087b00000, 0x0000000087c00000, 0x0000000087c00000|100%| O|  |TAMS 0x0000000087b00000| PB 0x0000000087b00000| Untracked 
| 124|0x0000000087c00000, 0x0000000087c00000, 0x0000000087d00000|  0%| F|  |TAMS 0x0000000087c00000| PB 0x0000000087c00000| Untracked 
| 125|0x0000000087d00000, 0x0000000087d00000, 0x0000000087e00000|  0%| F|  |TAMS 0x0000000087d00000| PB 0x0000000087d00000| Untracked 
| 126|0x0000000087e00000, 0x0000000087f00000, 0x0000000087f00000|100%| O|  |TAMS 0x0000000087e00000| PB 0x0000000087e00000| Untracked 
| 127|0x0000000087f00000, 0x0000000088000000, 0x0000000088000000|100%| S|CS|TAMS 0x0000000087f00000| PB 0x0000000087f00000| Complete 
| 128|0x0000000088000000, 0x0000000088000000, 0x0000000088100000|  0%| F|  |TAMS 0x0000000088000000| PB 0x0000000088000000| Untracked 
| 129|0x0000000088100000, 0x0000000088200000, 0x0000000088200000|100%| S|CS|TAMS 0x0000000088100000| PB 0x0000000088100000| Complete 
| 130|0x0000000088200000, 0x0000000088300000, 0x0000000088300000|100%| O|  |TAMS 0x0000000088200000| PB 0x0000000088200000| Untracked 
| 131|0x0000000088300000, 0x0000000088400000, 0x0000000088400000|100%| O|  |TAMS 0x0000000088300000| PB 0x0000000088300000| Untracked 
| 132|0x0000000088400000, 0x0000000088500000, 0x0000000088500000|100%| O|  |TAMS 0x0000000088400000| PB 0x0000000088400000| Untracked 
| 133|0x0000000088500000, 0x0000000088600000, 0x0000000088600000|100%| O|Cm|TAMS 0x0000000088500000| PB 0x0000000088500000| Complete 
| 134|0x0000000088600000, 0x0000000088700000, 0x0000000088700000|100%| S|CS|TAMS 0x0000000088600000| PB 0x0000000088600000| Complete 
| 135|0x0000000088700000, 0x0000000088800000, 0x0000000088800000|100%| O|  |TAMS 0x0000000088700000| PB 0x0000000088700000| Untracked 
| 136|0x0000000088800000, 0x0000000088800000, 0x0000000088900000|  0%| F|  |TAMS 0x0000000088800000| PB 0x0000000088800000| Untracked 
| 137|0x0000000088900000, 0x0000000088900000, 0x0000000088a00000|  0%| F|  |TAMS 0x0000000088900000| PB 0x0000000088900000| Untracked 
| 138|0x0000000088a00000, 0x0000000088a00000, 0x0000000088b00000|  0%| F|  |TAMS 0x0000000088a00000| PB 0x0000000088a00000| Untracked 
| 139|0x0000000088b00000, 0x0000000088b00000, 0x0000000088c00000|  0%| F|  |TAMS 0x0000000088b00000| PB 0x0000000088b00000| Untracked 
| 140|0x0000000088c00000, 0x0000000088d00000, 0x0000000088d00000|100%| O|  |TAMS 0x0000000088c00000| PB 0x0000000088c00000| Untracked 
| 141|0x0000000088d00000, 0x0000000088e00000, 0x0000000088e00000|100%| O|  |TAMS 0x0000000088d00000| PB 0x0000000088d00000| Untracked 
| 142|0x0000000088e00000, 0x0000000088e00000, 0x0000000088f00000|  0%| F|  |TAMS 0x0000000088e00000| PB 0x0000000088e00000| Untracked 
| 143|0x0000000088f00000, 0x0000000089000000, 0x0000000089000000|100%| O|  |TAMS 0x0000000088f00000| PB 0x0000000088f00000| Untracked 
| 144|0x0000000089000000, 0x0000000089100000, 0x0000000089100000|100%| O|  |TAMS 0x0000000089000000| PB 0x0000000089000000| Untracked 
| 145|0x0000000089100000, 0x0000000089200000, 0x0000000089200000|100%| O|  |TAMS 0x0000000089100000| PB 0x0000000089100000| Untracked 
| 146|0x0000000089200000, 0x0000000089300000, 0x0000000089300000|100%| O|  |TAMS 0x0000000089200000| PB 0x0000000089200000| Untracked 
| 147|0x0000000089300000, 0x0000000089400000, 0x0000000089400000|100%| O|  |TAMS 0x0000000089300000| PB 0x0000000089300000| Untracked 
| 148|0x0000000089400000, 0x0000000089500000, 0x0000000089500000|100%| O|  |TAMS 0x0000000089400000| PB 0x0000000089400000| Untracked 
| 149|0x0000000089500000, 0x0000000089600000, 0x0000000089600000|100%| O|  |TAMS 0x0000000089500000| PB 0x0000000089500000| Untracked 
| 150|0x0000000089600000, 0x0000000089700000, 0x0000000089700000|100%| O|  |TAMS 0x0000000089600000| PB 0x0000000089600000| Untracked 
| 151|0x0000000089700000, 0x0000000089800000, 0x0000000089800000|100%| O|  |TAMS 0x0000000089700000| PB 0x0000000089700000| Untracked 
| 152|0x0000000089800000, 0x0000000089900000, 0x0000000089900000|100%| O|  |TAMS 0x0000000089800000| PB 0x0000000089800000| Untracked 
| 153|0x0000000089900000, 0x0000000089a00000, 0x0000000089a00000|100%| O|  |TAMS 0x0000000089900000| PB 0x0000000089900000| Untracked 
| 154|0x0000000089a00000, 0x0000000089b00000, 0x0000000089b00000|100%| O|  |TAMS 0x0000000089a00000| PB 0x0000000089a00000| Untracked 
| 155|0x0000000089b00000, 0x0000000089c00000, 0x0000000089c00000|100%| O|  |TAMS 0x0000000089b00000| PB 0x0000000089b00000| Untracked 
| 156|0x0000000089c00000, 0x0000000089d00000, 0x0000000089d00000|100%| O|  |TAMS 0x0000000089c00000| PB 0x0000000089c00000| Untracked 
| 157|0x0000000089d00000, 0x0000000089e00000, 0x0000000089e00000|100%|HS|  |TAMS 0x0000000089d00000| PB 0x0000000089d00000| Complete 
| 158|0x0000000089e00000, 0x0000000089f00000, 0x0000000089f00000|100%|HC|  |TAMS 0x0000000089e00000| PB 0x0000000089e00000| Complete 
| 159|0x0000000089f00000, 0x000000008a000000, 0x000000008a000000|100%|HS|  |TAMS 0x0000000089f00000| PB 0x0000000089f00000| Complete 
| 160|0x000000008a000000, 0x000000008a100000, 0x000000008a100000|100%|HC|  |TAMS 0x000000008a000000| PB 0x000000008a000000| Complete 
| 161|0x000000008a100000, 0x000000008a200000, 0x000000008a200000|100%| S|CS|TAMS 0x000000008a100000| PB 0x000000008a100000| Complete 
| 162|0x000000008a200000, 0x000000008a300000, 0x000000008a300000|100%| S|CS|TAMS 0x000000008a200000| PB 0x000000008a200000| Complete 
| 163|0x000000008a300000, 0x000000008a300000, 0x000000008a400000|  0%| F|  |TAMS 0x000000008a300000| PB 0x000000008a300000| Untracked 
| 164|0x000000008a400000, 0x000000008a400000, 0x000000008a500000|  0%| F|  |TAMS 0x000000008a400000| PB 0x000000008a400000| Untracked 
| 165|0x000000008a500000, 0x000000008a500000, 0x000000008a600000|  0%| F|  |TAMS 0x000000008a500000| PB 0x000000008a500000| Untracked 
| 166|0x000000008a600000, 0x000000008a600000, 0x000000008a700000|  0%| F|  |TAMS 0x000000008a600000| PB 0x000000008a600000| Untracked 
| 167|0x000000008a700000, 0x000000008a700000, 0x000000008a800000|  0%| F|  |TAMS 0x000000008a700000| PB 0x000000008a700000| Untracked 
| 168|0x000000008a800000, 0x000000008a800000, 0x000000008a900000|  0%| F|  |TAMS 0x000000008a800000| PB 0x000000008a800000| Untracked 
| 169|0x000000008a900000, 0x000000008a9737b8, 0x000000008aa00000| 45%| E|  |TAMS 0x000000008a900000| PB 0x000000008a900000| Complete 
| 170|0x000000008aa00000, 0x000000008ab00000, 0x000000008ab00000|100%| E|CS|TAMS 0x000000008aa00000| PB 0x000000008aa00000| Complete 
| 171|0x000000008ab00000, 0x000000008ac00000, 0x000000008ac00000|100%| E|CS|TAMS 0x000000008ab00000| PB 0x000000008ab00000| Complete 
| 172|0x000000008ac00000, 0x000000008ad00000, 0x000000008ad00000|100%| E|CS|TAMS 0x000000008ac00000| PB 0x000000008ac00000| Complete 
| 173|0x000000008ad00000, 0x000000008ae00000, 0x000000008ae00000|100%| E|CS|TAMS 0x000000008ad00000| PB 0x000000008ad00000| Complete 
| 174|0x000000008ae00000, 0x000000008af00000, 0x000000008af00000|100%| E|CS|TAMS 0x000000008ae00000| PB 0x000000008ae00000| Complete 
| 175|0x000000008af00000, 0x000000008b000000, 0x000000008b000000|100%| E|CS|TAMS 0x000000008af00000| PB 0x000000008af00000| Complete 
| 176|0x000000008b000000, 0x000000008b100000, 0x000000008b100000|100%| E|CS|TAMS 0x000000008b000000| PB 0x000000008b000000| Complete 
| 177|0x000000008b100000, 0x000000008b200000, 0x000000008b200000|100%| E|CS|TAMS 0x000000008b100000| PB 0x000000008b100000| Complete 
| 178|0x000000008b200000, 0x000000008b300000, 0x000000008b300000|100%| E|CS|TAMS 0x000000008b200000| PB 0x000000008b200000| Complete 
| 179|0x000000008b300000, 0x000000008b400000, 0x000000008b400000|100%| E|CS|TAMS 0x000000008b300000| PB 0x000000008b300000| Complete 
| 180|0x000000008b400000, 0x000000008b500000, 0x000000008b500000|100%| E|CS|TAMS 0x000000008b400000| PB 0x000000008b400000| Complete 
| 181|0x000000008b500000, 0x000000008b600000, 0x000000008b600000|100%| E|CS|TAMS 0x000000008b500000| PB 0x000000008b500000| Complete 
| 182|0x000000008b600000, 0x000000008b700000, 0x000000008b700000|100%| E|CS|TAMS 0x000000008b600000| PB 0x000000008b600000| Complete 
| 183|0x000000008b700000, 0x000000008b800000, 0x000000008b800000|100%| E|CS|TAMS 0x000000008b700000| PB 0x000000008b700000| Complete 
| 184|0x000000008b800000, 0x000000008b900000, 0x000000008b900000|100%| E|CS|TAMS 0x000000008b800000| PB 0x000000008b800000| Complete 
| 185|0x000000008b900000, 0x000000008ba00000, 0x000000008ba00000|100%| E|CS|TAMS 0x000000008b900000| PB 0x000000008b900000| Complete 
| 186|0x000000008ba00000, 0x000000008bb00000, 0x000000008bb00000|100%| E|CS|TAMS 0x000000008ba00000| PB 0x000000008ba00000| Complete 
| 187|0x000000008bb00000, 0x000000008bc00000, 0x000000008bc00000|100%| E|CS|TAMS 0x000000008bb00000| PB 0x000000008bb00000| Complete 
| 188|0x000000008bc00000, 0x000000008bd00000, 0x000000008bd00000|100%| E|CS|TAMS 0x000000008bc00000| PB 0x000000008bc00000| Complete 
| 189|0x000000008bd00000, 0x000000008be00000, 0x000000008be00000|100%| E|CS|TAMS 0x000000008bd00000| PB 0x000000008bd00000| Complete 
| 190|0x000000008be00000, 0x000000008bf00000, 0x000000008bf00000|100%| E|CS|TAMS 0x000000008be00000| PB 0x000000008be00000| Complete 
| 191|0x000000008bf00000, 0x000000008c000000, 0x000000008c000000|100%| E|CS|TAMS 0x000000008bf00000| PB 0x000000008bf00000| Complete 
| 192|0x000000008c000000, 0x000000008c100000, 0x000000008c100000|100%| E|CS|TAMS 0x000000008c000000| PB 0x000000008c000000| Complete 
| 193|0x000000008c100000, 0x000000008c200000, 0x000000008c200000|100%| E|CS|TAMS 0x000000008c100000| PB 0x000000008c100000| Complete 
| 194|0x000000008c200000, 0x000000008c300000, 0x000000008c300000|100%| E|CS|TAMS 0x000000008c200000| PB 0x000000008c200000| Complete 
| 195|0x000000008c300000, 0x000000008c400000, 0x000000008c400000|100%| E|CS|TAMS 0x000000008c300000| PB 0x000000008c300000| Complete 
| 196|0x000000008c400000, 0x000000008c500000, 0x000000008c500000|100%| E|CS|TAMS 0x000000008c400000| PB 0x000000008c400000| Complete 
| 197|0x000000008c500000, 0x000000008c600000, 0x000000008c600000|100%| E|CS|TAMS 0x000000008c500000| PB 0x000000008c500000| Complete 
| 198|0x000000008c600000, 0x000000008c700000, 0x000000008c700000|100%| E|CS|TAMS 0x000000008c600000| PB 0x000000008c600000| Complete 
| 199|0x000000008c700000, 0x000000008c800000, 0x000000008c800000|100%| E|CS|TAMS 0x000000008c700000| PB 0x000000008c700000| Complete 
| 200|0x000000008c800000, 0x000000008c900000, 0x000000008c900000|100%| E|CS|TAMS 0x000000008c800000| PB 0x000000008c800000| Complete 
| 201|0x000000008c900000, 0x000000008ca00000, 0x000000008ca00000|100%| E|CS|TAMS 0x000000008c900000| PB 0x000000008c900000| Complete 
| 202|0x000000008ca00000, 0x000000008cb00000, 0x000000008cb00000|100%| E|CS|TAMS 0x000000008ca00000| PB 0x000000008ca00000| Complete 
| 203|0x000000008cb00000, 0x000000008cc00000, 0x000000008cc00000|100%| E|CS|TAMS 0x000000008cb00000| PB 0x000000008cb00000| Complete 
| 204|0x000000008cc00000, 0x000000008cd00000, 0x000000008cd00000|100%| E|CS|TAMS 0x000000008cc00000| PB 0x000000008cc00000| Complete 
| 205|0x000000008cd00000, 0x000000008ce00000, 0x000000008ce00000|100%| E|CS|TAMS 0x000000008cd00000| PB 0x000000008cd00000| Complete 
| 206|0x000000008ce00000, 0x000000008cf00000, 0x000000008cf00000|100%| E|CS|TAMS 0x000000008ce00000| PB 0x000000008ce00000| Complete 
| 207|0x000000008cf00000, 0x000000008d000000, 0x000000008d000000|100%| E|CS|TAMS 0x000000008cf00000| PB 0x000000008cf00000| Complete 
| 208|0x000000008d000000, 0x000000008d100000, 0x000000008d100000|100%| E|CS|TAMS 0x000000008d000000| PB 0x000000008d000000| Complete 
| 209|0x000000008d100000, 0x000000008d200000, 0x000000008d200000|100%| E|CS|TAMS 0x000000008d100000| PB 0x000000008d100000| Complete 
| 210|0x000000008d200000, 0x000000008d300000, 0x000000008d300000|100%| E|CS|TAMS 0x000000008d200000| PB 0x000000008d200000| Complete 
| 211|0x000000008d300000, 0x000000008d400000, 0x000000008d400000|100%| E|CS|TAMS 0x000000008d300000| PB 0x000000008d300000| Complete 
| 212|0x000000008d400000, 0x000000008d500000, 0x000000008d500000|100%| E|CS|TAMS 0x000000008d400000| PB 0x000000008d400000| Complete 
| 213|0x000000008d500000, 0x000000008d600000, 0x000000008d600000|100%| E|CS|TAMS 0x000000008d500000| PB 0x000000008d500000| Complete 
| 214|0x000000008d600000, 0x000000008d700000, 0x000000008d700000|100%| E|CS|TAMS 0x000000008d600000| PB 0x000000008d600000| Complete 
| 215|0x000000008d700000, 0x000000008d800000, 0x000000008d800000|100%| E|CS|TAMS 0x000000008d700000| PB 0x000000008d700000| Complete 
| 216|0x000000008d800000, 0x000000008d900000, 0x000000008d900000|100%| E|CS|TAMS 0x000000008d800000| PB 0x000000008d800000| Complete 
| 217|0x000000008d900000, 0x000000008da00000, 0x000000008da00000|100%| E|CS|TAMS 0x000000008d900000| PB 0x000000008d900000| Complete 
| 218|0x000000008da00000, 0x000000008db00000, 0x000000008db00000|100%| E|CS|TAMS 0x000000008da00000| PB 0x000000008da00000| Complete 
| 219|0x000000008db00000, 0x000000008dc00000, 0x000000008dc00000|100%| E|CS|TAMS 0x000000008db00000| PB 0x000000008db00000| Complete 
| 220|0x000000008dc00000, 0x000000008dd00000, 0x000000008dd00000|100%| E|CS|TAMS 0x000000008dc00000| PB 0x000000008dc00000| Complete 
| 221|0x000000008dd00000, 0x000000008de00000, 0x000000008de00000|100%| E|CS|TAMS 0x000000008dd00000| PB 0x000000008dd00000| Complete 
| 222|0x000000008de00000, 0x000000008df00000, 0x000000008df00000|100%| E|  |TAMS 0x000000008de00000| PB 0x000000008de00000| Complete 
| 223|0x000000008df00000, 0x000000008e000000, 0x000000008e000000|100%| E|CS|TAMS 0x000000008df00000| PB 0x000000008df00000| Complete 
| 224|0x000000008e000000, 0x000000008e100000, 0x000000008e100000|100%| E|CS|TAMS 0x000000008e000000| PB 0x000000008e000000| Complete 
| 225|0x000000008e100000, 0x000000008e200000, 0x000000008e200000|100%| E|CS|TAMS 0x000000008e100000| PB 0x000000008e100000| Complete 
| 226|0x000000008e200000, 0x000000008e300000, 0x000000008e300000|100%| E|CS|TAMS 0x000000008e200000| PB 0x000000008e200000| Complete 
| 227|0x000000008e300000, 0x000000008e400000, 0x000000008e400000|100%| E|CS|TAMS 0x000000008e300000| PB 0x000000008e300000| Complete 
| 228|0x000000008e400000, 0x000000008e500000, 0x000000008e500000|100%| E|CS|TAMS 0x000000008e400000| PB 0x000000008e400000| Complete 
| 229|0x000000008e500000, 0x000000008e600000, 0x000000008e600000|100%| E|CS|TAMS 0x000000008e500000| PB 0x000000008e500000| Complete 
| 230|0x000000008e600000, 0x000000008e700000, 0x000000008e700000|100%| E|CS|TAMS 0x000000008e600000| PB 0x000000008e600000| Complete 
| 231|0x000000008e700000, 0x000000008e800000, 0x000000008e800000|100%| E|CS|TAMS 0x000000008e700000| PB 0x000000008e700000| Complete 
| 232|0x000000008e800000, 0x000000008e900000, 0x000000008e900000|100%| E|CS|TAMS 0x000000008e800000| PB 0x000000008e800000| Complete 
| 233|0x000000008e900000, 0x000000008ea00000, 0x000000008ea00000|100%| E|CS|TAMS 0x000000008e900000| PB 0x000000008e900000| Complete 
| 234|0x000000008ea00000, 0x000000008eb00000, 0x000000008eb00000|100%| E|CS|TAMS 0x000000008ea00000| PB 0x000000008ea00000| Complete 
| 235|0x000000008eb00000, 0x000000008ec00000, 0x000000008ec00000|100%| E|CS|TAMS 0x000000008eb00000| PB 0x000000008eb00000| Complete 
| 236|0x000000008ec00000, 0x000000008ed00000, 0x000000008ed00000|100%| E|CS|TAMS 0x000000008ec00000| PB 0x000000008ec00000| Complete 
| 237|0x000000008ed00000, 0x000000008ee00000, 0x000000008ee00000|100%| E|CS|TAMS 0x000000008ed00000| PB 0x000000008ed00000| Complete 
| 238|0x000000008ee00000, 0x000000008ef00000, 0x000000008ef00000|100%| E|CS|TAMS 0x000000008ee00000| PB 0x000000008ee00000| Complete 
| 239|0x000000008ef00000, 0x000000008f000000, 0x000000008f000000|100%| E|CS|TAMS 0x000000008ef00000| PB 0x000000008ef00000| Complete 
| 240|0x000000008f000000, 0x000000008f100000, 0x000000008f100000|100%| E|CS|TAMS 0x000000008f000000| PB 0x000000008f000000| Complete 
| 241|0x000000008f100000, 0x000000008f200000, 0x000000008f200000|100%| E|CS|TAMS 0x000000008f100000| PB 0x000000008f100000| Complete 
| 242|0x000000008f200000, 0x000000008f300000, 0x000000008f300000|100%| E|CS|TAMS 0x000000008f200000| PB 0x000000008f200000| Complete 
| 243|0x000000008f300000, 0x000000008f400000, 0x000000008f400000|100%| E|CS|TAMS 0x000000008f300000| PB 0x000000008f300000| Complete 
| 244|0x000000008f400000, 0x000000008f500000, 0x000000008f500000|100%| E|CS|TAMS 0x000000008f400000| PB 0x000000008f400000| Complete 
| 245|0x000000008f500000, 0x000000008f600000, 0x000000008f600000|100%| E|CS|TAMS 0x000000008f500000| PB 0x000000008f500000| Complete 
| 246|0x000000008f600000, 0x000000008f700000, 0x000000008f700000|100%| E|CS|TAMS 0x000000008f600000| PB 0x000000008f600000| Complete 
| 247|0x000000008f700000, 0x000000008f800000, 0x000000008f800000|100%| E|CS|TAMS 0x000000008f700000| PB 0x000000008f700000| Complete 
| 248|0x000000008f800000, 0x000000008f816af0, 0x000000008f900000|  8%| S|CS|TAMS 0x000000008f800000| PB 0x000000008f800000| Complete 
|2037|0x00000000ff500000, 0x00000000ff600000, 0x00000000ff600000|100%| E|CS|TAMS 0x00000000ff500000| PB 0x00000000ff500000| Complete 
|2038|0x00000000ff600000, 0x00000000ff700000, 0x00000000ff700000|100%| O|  |TAMS 0x00000000ff600000| PB 0x00000000ff600000| Untracked 
|2039|0x00000000ff700000, 0x00000000ff800000, 0x00000000ff800000|100%| O|  |TAMS 0x00000000ff700000| PB 0x00000000ff700000| Untracked 
|2040|0x00000000ff800000, 0x00000000ff900000, 0x00000000ff900000|100%| O|  |TAMS 0x00000000ff800000| PB 0x00000000ff800000| Untracked 
|2041|0x00000000ff900000, 0x00000000ffa00000, 0x00000000ffa00000|100%| O|  |TAMS 0x00000000ff900000| PB 0x00000000ff900000| Untracked 
|2042|0x00000000ffa00000, 0x00000000ffb00000, 0x00000000ffb00000|100%| E|CS|TAMS 0x00000000ffa00000| PB 0x00000000ffa00000| Complete 
|2043|0x00000000ffb00000, 0x00000000ffc00000, 0x00000000ffc00000|100%| E|CS|TAMS 0x00000000ffb00000| PB 0x00000000ffb00000| Complete 
|2044|0x00000000ffc00000, 0x00000000ffd00000, 0x00000000ffd00000|100%| E|CS|TAMS 0x00000000ffc00000| PB 0x00000000ffc00000| Complete 
|2045|0x00000000ffd00000, 0x00000000ffe00000, 0x00000000ffe00000|100%| E|CS|TAMS 0x00000000ffd00000| PB 0x00000000ffd00000| Complete 
|2046|0x00000000ffe00000, 0x00000000fff00000, 0x00000000fff00000|100%| E|CS|TAMS 0x00000000ffe00000| PB 0x00000000ffe00000| Complete 
|2047|0x00000000fff00000, 0x0000000100000000, 0x0000000100000000|100%| E|CS|TAMS 0x00000000fff00000| PB 0x00000000fff00000| Complete 

Card table byte_map: [0x0000024e20df0000,0x0000024e211f0000] _byte_map_base: 0x0000024e209f0000

Marking Bits: (CMBitMap*) 0x0000024e0c393210
 Bits: [0x0000024e211f0000, 0x0000024e231f0000)

Polling page: 0x0000024e0c400000

Metaspace:

Usage:
  Non-class:    116.71 MB used.
      Class:     17.54 MB used.
       Both:    134.25 MB used.

Virtual space:
  Non-class space:      128.00 MB reserved,     117.38 MB ( 92%) committed,  2 nodes.
      Class space:        1.00 GB reserved,      18.25 MB (  2%) committed,  1 nodes.
             Both:        1.12 GB reserved,     135.62 MB ( 12%) committed. 

Chunk freelists:
   Non-Class:  9.80 MB
       Class:  13.59 MB
        Both:  23.39 MB

MaxMetaspaceSize: unlimited
CompressedClassSpaceSize: 1.00 GB
Initial GC threshold: 21.00 MB
Current GC threshold: 204.62 MB
CDS: off
 - commit_granule_bytes: 65536.
 - commit_granule_words: 8192.
 - virtual_space_node_default_size: 8388608.
 - enlarge_chunks_in_place: 1.
 - use_allocation_guard: 0.


Internal statistics:

num_allocs_failed_limit: 9.
num_arena_births: 4800.
num_arena_deaths: 2358.
num_vsnodes_births: 3.
num_vsnodes_deaths: 0.
num_space_committed: 2169.
num_space_uncommitted: 0.
num_chunks_returned_to_freelist: 2640.
num_chunks_taken_from_freelist: 11437.
num_chunk_merges: 953.
num_chunk_splits: 6686.
num_chunks_enlarged: 4224.
num_inconsistent_stats: 0.

CodeHeap 'non-profiled nmethods': size=120000Kb used=12923Kb max_used=12923Kb free=107076Kb
 bounds [0x0000024e18910000, 0x0000024e195b0000, 0x0000024e1fe40000]
CodeHeap 'profiled nmethods': size=120000Kb used=25247Kb max_used=26438Kb free=94752Kb
 bounds [0x0000024e10e40000, 0x0000024e12820000, 0x0000024e18370000]
CodeHeap 'non-nmethods': size=5760Kb used=2244Kb max_used=2314Kb free=3515Kb
 bounds [0x0000024e18370000, 0x0000024e185e0000, 0x0000024e18910000]
 total_blobs=14233 nmethods=13280 adapters=856
 compilation: enabled
              stopped_count=0, restarted_count=0
 full_count=0

Compilation events (20 events):
Event: 4404.523 Thread 0x0000024e25fd5040 nmethod 21599 0x0000024e10f85010 code [0x0000024e10f851c0, 0x0000024e10f85440]
Event: 4404.523 Thread 0x0000024e25fd5040 21598       2       org.objectweb.asm.ClassReader::readLabel (20 bytes)
Event: 4404.523 Thread 0x0000024e25fd5040 nmethod 21598 0x0000024e10f84a90 code [0x0000024e10f84c40, 0x0000024e10f84ea8]
Event: 4404.523 Thread 0x0000024e25fd5040 21597       2       org.objectweb.asm.MethodVisitor::<init> (7 bytes)
Event: 4404.523 Thread 0x0000024e25fd5040 nmethod 21597 0x0000024e10f84710 code [0x0000024e10f848c0, 0x0000024e10f849f0]
Event: 4404.523 Thread 0x0000024e25fd5040 21592       2       org.objectweb.asm.ClassReader::getItemCount (6 bytes)
Event: 4404.523 Thread 0x0000024e25fd5040 nmethod 21592 0x0000024e10f84210 code [0x0000024e10f843a0, 0x0000024e10f844b0]
Event: 4404.523 Thread 0x0000024e25fd5040 21593       2       org.objectweb.asm.ClassReader::getItem (7 bytes)
Event: 4404.523 Thread 0x0000024e25fd5040 nmethod 21593 0x0000024e10e45210 code [0x0000024e10e453a0, 0x0000024e10e454d0]
Event: 4404.535 Thread 0x0000024e25fd5040 21600       2       org.gradle.internal.serialize.InterningStringSerializer::read (6 bytes)
Event: 4404.536 Thread 0x0000024e25fd5040 nmethod 21600 0x0000024e10e44d90 code [0x0000024e10e44f40, 0x0000024e10e450e0]
Event: 4404.536 Thread 0x0000024e25fd5040 21601       2       org.gradle.internal.serialize.InterningStringSerializer::read (19 bytes)
Event: 4404.536 Thread 0x0000024e25fd5040 nmethod 21601 0x0000024e10e44990 code [0x0000024e10e44b40, 0x0000024e10e44ce0]
Event: 4404.540 Thread 0x0000024e25fd5040 21602       2       org.gradle.api.internal.tasks.compile.incremental.deps.ClassDependentsAccumulator::addDependency (18 bytes)
Event: 4404.541 Thread 0x0000024e25fd5040 nmethod 21602 0x0000024e10e44290 code [0x0000024e10e44460, 0x0000024e10e447b8]
Event: 4404.541 Thread 0x0000024e25fd5040 21603       2       org.gradle.api.internal.tasks.compile.incremental.deps.ClassDependentsAccumulator::rememberClass (34 bytes)
Event: 4404.541 Thread 0x0000024e25fd5040 nmethod 21603 0x0000024e10e43c10 code [0x0000024e10e43de0, 0x0000024e10e440f0]
Event: 4404.544 Thread 0x0000024e25fd5040 21604       1       it.unimi.dsi.fastutil.ints.IntCollections$EmptyCollection::size (2 bytes)
Event: 4404.544 Thread 0x0000024e25fd5040 nmethod 21604 0x0000024e195ac710 code [0x0000024e195ac8a0, 0x0000024e195ac968]
Event: 4404.549 Thread 0x0000024e25fd5040 21605       1       org.gradle.api.internal.tasks.compile.incremental.deps.ClassAnalysis::getClassName (5 bytes)

GC Heap History (20 events):
Event: 1478.156 GC heap before
{Heap before GC invocations=58 (full 0):
 garbage-first heap   total 214016K, used 192512K [0x0000000080000000, 0x0000000100000000)
  region size 1024K, 65 young (66560K), 9 survivors (9216K)
 Metaspace       used 120366K, committed 122496K, reserved 1179648K
  class space    used 16345K, committed 17408K, reserved 1048576K
}
Event: 1478.166 GC heap after
{Heap after GC invocations=59 (full 0):
 garbage-first heap   total 214016K, used 140578K [0x0000000080000000, 0x0000000100000000)
  region size 1024K, 4 young (4096K), 4 survivors (4096K)
 Metaspace       used 120366K, committed 122496K, reserved 1179648K
  class space    used 16345K, committed 17408K, reserved 1048576K
}
Event: 4129.460 GC heap before
{Heap before GC invocations=60 (full 0):
 garbage-first heap   total 235520K, used 195874K [0x0000000080000000, 0x0000000100000000)
  region size 1024K, 59 young (60416K), 4 survivors (4096K)
 Metaspace       used 120459K, committed 122624K, reserved 1179648K
  class space    used 16349K, committed 17408K, reserved 1048576K
}
Event: 4129.482 GC heap after
{Heap after GC invocations=61 (full 0):
 garbage-first heap   total 235520K, used 140371K [0x0000000080000000, 0x0000000100000000)
  region size 1024K, 4 young (4096K), 4 survivors (4096K)
 Metaspace       used 120459K, committed 122624K, reserved 1179648K
  class space    used 16349K, committed 17408K, reserved 1048576K
}
Event: 4268.946 GC heap before
{Heap before GC invocations=61 (full 0):
 garbage-first heap   total 235520K, used 217171K [0x0000000080000000, 0x0000000100000000)
  region size 1024K, 80 young (81920K), 4 survivors (4096K)
 Metaspace       used 120741K, committed 122944K, reserved 1179648K
  class space    used 16351K, committed 17472K, reserved 1048576K
}
Event: 4268.974 GC heap after
{Heap after GC invocations=62 (full 0):
 garbage-first heap   total 235520K, used 137881K [0x0000000080000000, 0x0000000100000000)
  region size 1024K, 10 young (10240K), 10 survivors (10240K)
 Metaspace       used 120741K, committed 122944K, reserved 1179648K
  class space    used 16351K, committed 17472K, reserved 1048576K
}
Event: 4270.312 GC heap before
{Heap before GC invocations=62 (full 0):
 garbage-first heap   total 235520K, used 211609K [0x0000000080000000, 0x0000000100000000)
  region size 1024K, 83 young (84992K), 10 survivors (10240K)
 Metaspace       used 122096K, committed 124224K, reserved 1179648K
  class space    used 16531K, committed 17600K, reserved 1048576K
}
Event: 4270.327 GC heap after
{Heap after GC invocations=63 (full 0):
 garbage-first heap   total 235520K, used 146731K [0x0000000080000000, 0x0000000100000000)
  region size 1024K, 9 young (9216K), 9 survivors (9216K)
 Metaspace       used 122096K, committed 124224K, reserved 1179648K
  class space    used 16531K, committed 17600K, reserved 1048576K
}
Event: 4274.873 GC heap before
{Heap before GC invocations=64 (full 0):
 garbage-first heap   total 245760K, used 212267K [0x0000000080000000, 0x0000000100000000)
  region size 1024K, 74 young (75776K), 9 survivors (9216K)
 Metaspace       used 122457K, committed 124800K, reserved 1179648K
  class space    used 16324K, committed 17664K, reserved 1048576K
}
Event: 4274.880 GC heap after
{Heap after GC invocations=65 (full 0):
 garbage-first heap   total 245760K, used 150101K [0x0000000080000000, 0x0000000100000000)
  region size 1024K, 5 young (5120K), 5 survivors (5120K)
 Metaspace       used 122457K, committed 124800K, reserved 1179648K
  class space    used 16324K, committed 17664K, reserved 1048576K
}
Event: 4371.411 GC heap before
{Heap before GC invocations=65 (full 0):
 garbage-first heap   total 245760K, used 225877K [0x0000000080000000, 0x0000000100000000)
  region size 1024K, 80 young (81920K), 5 survivors (5120K)
 Metaspace       used 122676K, committed 124928K, reserved 1179648K
  class space    used 16332K, committed 17664K, reserved 1048576K
}
Event: 4371.425 GC heap after
{Heap after GC invocations=66 (full 0):
 garbage-first heap   total 252928K, used 146432K [0x0000000080000000, 0x0000000100000000)
  region size 1024K, 10 young (10240K), 10 survivors (10240K)
 Metaspace       used 122676K, committed 124928K, reserved 1179648K
  class space    used 16332K, committed 17664K, reserved 1048576K
}
Event: 4392.365 GC heap before
{Heap before GC invocations=66 (full 0):
 garbage-first heap   total 252928K, used 228352K [0x0000000080000000, 0x0000000100000000)
  region size 1024K, 91 young (93184K), 10 survivors (10240K)
 Metaspace       used 123845K, committed 125632K, reserved 1179648K
  class space    used 16503K, committed 17664K, reserved 1048576K
}
Event: 4392.375 GC heap after
{Heap after GC invocations=67 (full 0):
 garbage-first heap   total 252928K, used 156303K [0x0000000080000000, 0x0000000100000000)
  region size 1024K, 9 young (9216K), 9 survivors (9216K)
 Metaspace       used 123845K, committed 125632K, reserved 1179648K
  class space    used 16503K, committed 17664K, reserved 1048576K
}
Event: 4392.488 GC heap before
{Heap before GC invocations=67 (full 0):
 garbage-first heap   total 252928K, used 168591K [0x0000000080000000, 0x0000000100000000)
  region size 1024K, 23 young (23552K), 9 survivors (9216K)
 Metaspace       used 123871K, committed 125632K, reserved 1179648K
  class space    used 16505K, committed 17664K, reserved 1048576K
}
Event: 4392.491 GC heap after
{Heap after GC invocations=68 (full 0):
 garbage-first heap   total 252928K, used 158165K [0x0000000080000000, 0x0000000100000000)
  region size 1024K, 2 young (2048K), 2 survivors (2048K)
 Metaspace       used 123871K, committed 125632K, reserved 1179648K
  class space    used 16505K, committed 17664K, reserved 1048576K
}
Event: 4393.113 GC heap before
{Heap before GC invocations=69 (full 0):
 garbage-first heap   total 265216K, used 240085K [0x0000000080000000, 0x0000000100000000)
  region size 1024K, 76 young (77824K), 2 survivors (2048K)
 Metaspace       used 128954K, committed 130304K, reserved 1179648K
  class space    used 17101K, committed 17792K, reserved 1048576K
}
Event: 4393.115 GC heap after
{Heap after GC invocations=70 (full 0):
 garbage-first heap   total 265216K, used 156216K [0x0000000080000000, 0x0000000100000000)
  region size 1024K, 3 young (3072K), 3 survivors (3072K)
 Metaspace       used 128954K, committed 130304K, reserved 1179648K
  class space    used 17101K, committed 17792K, reserved 1048576K
}
Event: 4400.229 GC heap before
{Heap before GC invocations=70 (full 0):
 garbage-first heap   total 265216K, used 255544K [0x0000000080000000, 0x0000000100000000)
  region size 1024K, 91 young (93184K), 3 survivors (3072K)
 Metaspace       used 135860K, committed 137216K, reserved 1179648K
  class space    used 17840K, committed 18560K, reserved 1048576K
}
Event: 4400.234 GC heap after
{Heap after GC invocations=71 (full 0):
 garbage-first heap   total 266240K, used 139149K [0x0000000080000000, 0x0000000100000000)
  region size 1024K, 6 young (6144K), 6 survivors (6144K)
 Metaspace       used 135860K, committed 137216K, reserved 1179648K
  class space    used 17840K, committed 18560K, reserved 1048576K
}

Dll operation events (3 events):
Event: 0.017 Loaded shared library C:\Program Files\Android\Android Studio\jbr\bin\java.dll
Event: 0.026 Loaded shared library C:\Program Files\Android\Android Studio\jbr\bin\zip.dll
Event: 0.451 Loaded shared library C:\Program Files\Android\Android Studio\jbr\bin\verify.dll

Deoptimization events (20 events):
Event: 4402.384 Thread 0x0000024e376d8260 Uncommon trap: trap_request=0xffffff45 fr.pc=0x0000024e18c4b938 relative=0x0000000000000798
Event: 4402.384 Thread 0x0000024e376d8260 Uncommon trap: reason=unstable_if action=reinterpret pc=0x0000024e18c4b938 method=org.gradle.internal.io.StreamByteBuffer$StreamByteBufferInputStream.readImpl([BII)I @ 49 c2
Event: 4402.384 Thread 0x0000024e376d8260 DEOPT PACKING pc=0x0000024e18c4b938 sp=0x000000686f2fe670
Event: 4402.384 Thread 0x0000024e376d8260 DEOPT UNPACKING pc=0x0000024e183c46a2 sp=0x000000686f2fe5c0 mode 2
Event: 4402.647 Thread 0x0000024e376d0c40 Uncommon trap: trap_request=0xffffffde fr.pc=0x0000024e18d4a100 relative=0x0000000000000a80
Event: 4403.404 Thread 0x0000024e376d0c40 Uncommon trap: reason=class_check action=maybe_recompile pc=0x0000024e18d4a100 method=java.util.concurrent.Executors$RunnableAdapter.call()Ljava/lang/Object; @ 4 c2
Event: 4403.405 Thread 0x0000024e376d0c40 DEOPT PACKING pc=0x0000024e18d4a100 sp=0x0000006874aff4d0
Event: 4403.405 Thread 0x0000024e376d0c40 DEOPT UNPACKING pc=0x0000024e183c46a2 sp=0x0000006874aff3d0 mode 2
Event: 4404.430 Thread 0x0000024e376d8260 Uncommon trap: trap_request=0xffffff45 fr.pc=0x0000024e195a5c08 relative=0x0000000000000368
Event: 4404.430 Thread 0x0000024e376d8260 Uncommon trap: reason=unstable_if action=reinterpret pc=0x0000024e195a5c08 method=com.esotericsoftware.kryo.io.Input.readVarInt(Z)I @ 81 c2
Event: 4404.430 Thread 0x0000024e376d8260 DEOPT PACKING pc=0x0000024e195a5c08 sp=0x000000686f2fe560
Event: 4404.430 Thread 0x0000024e376d8260 DEOPT UNPACKING pc=0x0000024e183c46a2 sp=0x000000686f2fe458 mode 2
Event: 4404.431 Thread 0x0000024e376d8260 Uncommon trap: trap_request=0xffffff45 fr.pc=0x0000024e195a2b54 relative=0x0000000000000354
Event: 4404.431 Thread 0x0000024e376d8260 Uncommon trap: reason=unstable_if action=reinterpret pc=0x0000024e195a2b54 method=com.esotericsoftware.kryo.io.Input.readVarInt(Z)I @ 81 c2
Event: 4404.431 Thread 0x0000024e376d8260 DEOPT PACKING pc=0x0000024e195a2b54 sp=0x000000686f2fe780
Event: 4404.431 Thread 0x0000024e376d8260 DEOPT UNPACKING pc=0x0000024e183c46a2 sp=0x000000686f2fe738 mode 2
Event: 4404.522 Thread 0x0000024e376dbd70 Uncommon trap: trap_request=0xffffff45 fr.pc=0x0000024e190bd5d8 relative=0x0000000000000218
Event: 4404.522 Thread 0x0000024e376dbd70 Uncommon trap: reason=unstable_if action=reinterpret pc=0x0000024e190bd5d8 method=org.objectweb.asm.Type.getTypeInternal(Ljava/lang/String;II)Lorg/objectweb/asm/Type; @ 5 c2
Event: 4404.522 Thread 0x0000024e376dbd70 DEOPT PACKING pc=0x0000024e190bd5d8 sp=0x00000068763fd8a0
Event: 4404.522 Thread 0x0000024e376dbd70 DEOPT UNPACKING pc=0x0000024e183c46a2 sp=0x00000068763fd850 mode 2

Classes loaded (20 events):
Event: 4392.933 Loading class java/util/JumboEnumSet$EnumSetIterator
Event: 4392.934 Loading class java/util/JumboEnumSet$EnumSetIterator done
Event: 4392.947 Loading class java/util/ResourceBundle$KeyElementReference
Event: 4392.947 Loading class java/util/ResourceBundle$CacheKeyReference
Event: 4392.947 Loading class java/util/ResourceBundle$CacheKeyReference done
Event: 4392.947 Loading class java/util/ResourceBundle$KeyElementReference done
Event: 4392.947 Loading class java/util/ResourceBundle$3
Event: 4392.948 Loading class java/util/ResourceBundle$3 done
Event: 4392.951 Loading class java/util/ResourceBundle$BundleReference
Event: 4392.951 Loading class java/util/ResourceBundle$BundleReference done
Event: 4393.274 Loading class java/util/regex/Pattern$Bound
Event: 4393.275 Loading class java/util/regex/Pattern$Bound done
Event: 4393.296 Loading class java/text/BreakIterator
Event: 4393.296 Loading class java/text/BreakIterator done
Event: 4393.712 Loading class java/util/EnumMap$Values
Event: 4393.712 Loading class java/util/EnumMap$Values done
Event: 4393.712 Loading class java/util/EnumMap$ValueIterator
Event: 4393.712 Loading class java/util/EnumMap$ValueIterator done
Event: 4402.266 Loading class java/io/FileReader
Event: 4402.266 Loading class java/io/FileReader done

Classes unloaded (20 events):
Event: 4270.422 Thread 0x0000024e25f43730 Unloading class 0x00000001001a8800 'java/lang/invoke/LambdaForm$MH+0x00000001001a8800'
Event: 4270.422 Thread 0x0000024e25f43730 Unloading class 0x00000001001a8400 'java/lang/invoke/LambdaForm$MH+0x00000001001a8400'
Event: 4270.422 Thread 0x0000024e25f43730 Unloading class 0x00000001001a8000 'java/lang/invoke/LambdaForm$BMH+0x00000001001a8000'
Event: 4270.422 Thread 0x0000024e25f43730 Unloading class 0x000000010017d000 'java/lang/invoke/LambdaForm$MH+0x000000010017d000'
Event: 4270.422 Thread 0x0000024e25f43730 Unloading class 0x000000010017cc00 'java/lang/invoke/LambdaForm$MH+0x000000010017cc00'
Event: 4270.422 Thread 0x0000024e25f43730 Unloading class 0x000000010017c800 'java/lang/invoke/LambdaForm$MH+0x000000010017c800'
Event: 4270.422 Thread 0x0000024e25f43730 Unloading class 0x0000000100165c00 'java/lang/invoke/LambdaForm$MH+0x0000000100165c00'
Event: 4270.422 Thread 0x0000024e25f43730 Unloading class 0x0000000100165800 'java/lang/invoke/LambdaForm$MH+0x0000000100165800'
Event: 4270.422 Thread 0x0000024e25f43730 Unloading class 0x0000000100165000 'java/lang/invoke/LambdaForm$MH+0x0000000100165000'
Event: 4270.422 Thread 0x0000024e25f43730 Unloading class 0x0000000100164c00 'java/lang/invoke/LambdaForm$MH+0x0000000100164c00'
Event: 4270.422 Thread 0x0000024e25f43730 Unloading class 0x000000010014c000 'java/lang/invoke/LambdaForm$DMH+0x000000010014c000'
Event: 4270.422 Thread 0x0000024e25f43730 Unloading class 0x0000000100144000 'java/lang/invoke/LambdaForm$MH+0x0000000100144000'
Event: 4270.422 Thread 0x0000024e25f43730 Unloading class 0x00000001000f2000 'java/lang/invoke/LambdaForm$MH+0x00000001000f2000'
Event: 4270.422 Thread 0x0000024e25f43730 Unloading class 0x00000001000f1c00 'java/lang/invoke/LambdaForm$MH+0x00000001000f1c00'
Event: 4270.422 Thread 0x0000024e25f43730 Unloading class 0x00000001000f0000 'java/lang/invoke/LambdaForm$MH+0x00000001000f0000'
Event: 4270.422 Thread 0x0000024e25f43730 Unloading class 0x00000001000c1c00 'java/lang/invoke/LambdaForm$MH+0x00000001000c1c00'
Event: 4270.422 Thread 0x0000024e25f43730 Unloading class 0x00000001000c1800 'java/lang/invoke/LambdaForm$MH+0x00000001000c1800'
Event: 4270.422 Thread 0x0000024e25f43730 Unloading class 0x00000001000c1400 'java/lang/invoke/LambdaForm$MH+0x00000001000c1400'
Event: 4270.422 Thread 0x0000024e25f43730 Unloading class 0x00000001000c0c00 'java/lang/invoke/LambdaForm$MH+0x00000001000c0c00'
Event: 4392.542 Thread 0x0000024e25f43730 Unloading class 0x00000001010c0c00 'jdk/internal/reflect/GeneratedSerializationConstructorAccessor113'

Classes redefined (0 events):
No events

Internal exceptions (20 events):
Event: 4393.597 Thread 0x0000024e3197d9a0 Exception <a 'sun/nio/fs/WindowsException'{0x000000008c5f1698}> (0x000000008c5f1698) 
thrown [s\src\hotspot\share\prims\jni.cpp, line 535]
Event: 4393.597 Thread 0x0000024e3197d9a0 Exception <a 'sun/nio/fs/WindowsException'{0x000000008c5f2328}> (0x000000008c5f2328) 
thrown [s\src\hotspot\share\prims\jni.cpp, line 535]
Event: 4393.698 Thread 0x0000024e3197d9a0 Exception <a 'sun/nio/fs/WindowsException'{0x000000008bba0158}> (0x000000008bba0158) 
thrown [s\src\hotspot\share\prims\jni.cpp, line 535]
Event: 4393.704 Thread 0x0000024e3197d9a0 Exception <a 'sun/nio/fs/WindowsException'{0x000000008ba02ff8}> (0x000000008ba02ff8) 
thrown [s\src\hotspot\share\prims\jni.cpp, line 535]
Event: 4393.945 Thread 0x0000024e2c796d00 Exception <a 'java/io/IOException'{0x000000008ab8c280}: Connection reset by peer> (0x000000008ab8c280) 
thrown [s\src\hotspot\share\prims\jni.cpp, line 563]
Event: 4393.945 Thread 0x0000024e2c796d00 Exception <a 'java/net/ConnectException'{0x000000008ab8ed98}: Connection refused: connect> (0x000000008ab8ed98) 
thrown [s\src\hotspot\share\prims\jni.cpp, line 563]
Event: 4393.957 Thread 0x0000024e2c796d00 Exception <a 'java/net/ConnectException'{0x000000008ab8fb30}: Connection refused: connect> (0x000000008ab8fb30) 
thrown [s\src\hotspot\share\prims\jni.cpp, line 563]
Event: 4393.968 Thread 0x0000024e2c796d00 Exception <a 'java/net/ConnectException'{0x000000008ab908c8}: Connection refused: connect> (0x000000008ab908c8) 
thrown [s\src\hotspot\share\prims\jni.cpp, line 563]
Event: 4394.357 Thread 0x0000024e2c796d00 Exception <a 'java/net/ConnectException'{0x000000008abb71a8}: Connection refused: connect> (0x000000008abb71a8) 
thrown [s\src\hotspot\share\prims\jni.cpp, line 563]
Event: 4394.368 Thread 0x0000024e2c796d00 Exception <a 'java/net/ConnectException'{0x000000008abb81d8}: Connection refused: connect> (0x000000008abb81d8) 
thrown [s\src\hotspot\share\prims\jni.cpp, line 563]
Event: 4394.379 Thread 0x0000024e2c796d00 Exception <a 'java/net/ConnectException'{0x000000008abb8f70}: Connection refused: connect> (0x000000008abb8f70) 
thrown [s\src\hotspot\share\prims\jni.cpp, line 563]
Event: 4397.359 Thread 0x0000024e376d5470 Exception <a 'java/lang/NoSuchMethodError'{0x000000008a8a8ea8}: 'void java.lang.invoke.DirectMethodHandle$Holder.invokeInterface(java.lang.Object, java.lang.Object, int, java.lang.Object)'> (0x000000008a8a8ea8) 
thrown [s\src\hotspot\share\interpreter\linkResolver.cpp, line 784]
Event: 4397.359 Thread 0x0000024e376d5470 Exception <a 'java/lang/NoSuchMethodError'{0x000000008a8afa58}: 'void java.lang.invoke.DelegatingMethodHandle$Holder.reinvoke_L(java.lang.Object, java.lang.Object, int, java.lang.Object)'> (0x000000008a8afa58) 
thrown [s\src\hotspot\share\interpreter\linkResolver.cpp, line 784]
Event: 4397.364 Thread 0x0000024e376d5470 Exception <a 'java/lang/NoSuchMethodError'{0x000000008a8c9ff0}: 'void java.lang.invoke.DelegatingMethodHandle$Holder.reinvoke_L(java.lang.Object, java.lang.Object, int, int, java.lang.Object, java.lang.Object)'> (0x000000008a8c9ff0) 
thrown [s\src\hotspot\share\interpreter\linkResolver.cpp, line 784]
Event: 4400.204 Thread 0x0000024e30fbfac0 Exception <a 'java/lang/NoSuchMethodError'{0x000000008a5be428}: static Ljava/lang/Object;.<clinit>()V> (0x000000008a5be428) 
thrown [s\src\hotspot\share\prims\jni.cpp, line 1135]
Event: 4400.225 Thread 0x0000024e30fbfac0 Implicit null exception at 0x0000024e18b91f33 to 0x0000024e18b92ed8
Event: 4400.225 Thread 0x0000024e30fbfac0 Implicit null exception at 0x0000024e18ed2e7b to 0x0000024e18ed331c
Event: 4400.225 Thread 0x0000024e30fbfac0 Implicit null exception at 0x0000024e18dde6a7 to 0x0000024e18dde9ac
Event: 4400.255 Thread 0x0000024e30fbfac0 Implicit null exception at 0x0000024e18b6469e to 0x0000024e18b64b00
Event: 4402.275 Thread 0x0000024e30fbfac0 Implicit null exception at 0x0000024e18ead5a2 to 0x0000024e18eb2f9c

ZGC Phase Switch (0 events):
No events

VM Operations (20 events):
Event: 4393.699 Executing VM operation: ICBufferFull done
Event: 4395.699 Executing VM operation: Cleanup
Event: 4395.699 Executing VM operation: Cleanup done
Event: 4400.219 Executing VM operation: HandshakeAllThreads (Deoptimize)
Event: 4400.219 Executing VM operation: HandshakeAllThreads (Deoptimize) done
Event: 4400.219 Executing VM operation: Cleanup
Event: 4400.219 Executing VM operation: Cleanup done
Event: 4400.223 Executing VM operation: HandshakeAllThreads (Deoptimize)
Event: 4400.223 Executing VM operation: HandshakeAllThreads (Deoptimize) done
Event: 4400.229 Executing VM operation: G1CollectForAllocation (G1 Evacuation Pause)
Event: 4400.234 Executing VM operation: G1CollectForAllocation (G1 Evacuation Pause) done
Event: 4402.234 Executing VM operation: Cleanup
Event: 4402.256 Executing VM operation: Cleanup done
Event: 4403.256 Executing VM operation: Cleanup
Event: 4403.405 Executing VM operation: Cleanup done
Event: 4404.405 Executing VM operation: Cleanup
Event: 4404.405 Executing VM operation: Cleanup done
Event: 4404.509 Executing VM operation: HandshakeAllThreads (Deoptimize)
Event: 4404.509 Executing VM operation: HandshakeAllThreads (Deoptimize) done
Event: 4405.509 Executing VM operation: Cleanup

Memory protections (0 events):
No events

Nmethod flushes (20 events):
Event: 4392.551 Thread 0x0000024e25f43730 flushing  nmethod 0x0000024e1232aa10
Event: 4392.551 Thread 0x0000024e25f43730 flushing  nmethod 0x0000024e12334a90
Event: 4392.551 Thread 0x0000024e25f43730 flushing  nmethod 0x0000024e12335790
Event: 4392.551 Thread 0x0000024e25f43730 flushing  nmethod 0x0000024e12335f10
Event: 4392.551 Thread 0x0000024e25f43730 flushing  nmethod 0x0000024e123a6a10
Event: 4392.551 Thread 0x0000024e25f43730 flushing  nmethod 0x0000024e123a7a90
Event: 4392.551 Thread 0x0000024e25f43730 flushing  nmethod 0x0000024e123a8290
Event: 4392.551 Thread 0x0000024e25f43730 flushing  nmethod 0x0000024e123aa510
Event: 4392.551 Thread 0x0000024e25f43730 flushing  nmethod 0x0000024e12413810
Event: 4392.551 Thread 0x0000024e25f43730 flushing  nmethod 0x0000024e1241bc90
Event: 4392.551 Thread 0x0000024e25f43730 flushing  nmethod 0x0000024e1248b790
Event: 4392.551 Thread 0x0000024e25f43730 flushing  nmethod 0x0000024e1248c610
Event: 4392.551 Thread 0x0000024e25f43730 flushing  nmethod 0x0000024e1248cb10
Event: 4392.551 Thread 0x0000024e25f43730 flushing  nmethod 0x0000024e1248ce90
Event: 4392.551 Thread 0x0000024e25f43730 flushing  nmethod 0x0000024e1248f310
Event: 4392.551 Thread 0x0000024e25f43730 flushing  nmethod 0x0000024e12492c90
Event: 4392.551 Thread 0x0000024e25f43730 flushing  nmethod 0x0000024e12493010
Event: 4392.551 Thread 0x0000024e25f43730 flushing  nmethod 0x0000024e12494290
Event: 4392.551 Thread 0x0000024e25f43730 flushing  nmethod 0x0000024e1249c110
Event: 4392.551 Thread 0x0000024e25f43730 flushing  nmethod 0x0000024e12761210

Events (20 events):
Event: 4393.974 Thread 0x0000024e2c796d00 Thread added: 0x0000024e376d8260
Event: 4394.356 Thread 0x0000024e376d8260 Thread exited: 0x0000024e376d8260
Event: 4394.356 Thread 0x0000024e309c2710 Thread exited: 0x0000024e309c2710
Event: 4394.356 Thread 0x0000024e309bdc20 Thread exited: 0x0000024e309bdc20
Event: 4394.405 Thread 0x0000024e2c796d00 Thread added: 0x0000024e376d5b00
Event: 4400.220 Thread 0x0000024e25f97ab0 Thread added: 0x0000024e25fd4970
Event: 4400.226 Thread 0x0000024e25f97ab0 Thread added: 0x0000024e25fd5710
Event: 4400.238 Thread 0x0000024e376d5b00 Thread exited: 0x0000024e376d5b00
Event: 4402.326 Thread 0x0000024e30fbfac0 Thread added: 0x0000024e376d8260
Event: 4402.350 Thread 0x0000024e30fbfac0 Thread added: 0x0000024e376d88f0
Event: 4402.350 Thread 0x0000024e30fbfac0 Thread added: 0x0000024e376d8f80
Event: 4402.350 Thread 0x0000024e30fbfac0 Thread added: 0x0000024e376d5b00
Event: 4402.351 Thread 0x0000024e30fbfac0 Thread added: 0x0000024e376d9610
Event: 4402.351 Thread 0x0000024e30fbfac0 Thread added: 0x0000024e376d6190
Event: 4402.351 Thread 0x0000024e30fbfac0 Thread added: 0x0000024e376d9ca0
Event: 4402.351 Thread 0x0000024e30fbfac0 Thread added: 0x0000024e376dd7b0
Event: 4402.351 Thread 0x0000024e30fbfac0 Thread added: 0x0000024e376dbd70
Event: 4402.351 Thread 0x0000024e30fbfac0 Thread added: 0x0000024e376dc400
Event: 4402.351 Thread 0x0000024e30fbfac0 Thread added: 0x0000024e376db050
Event: 4402.351 Thread 0x0000024e30fbfac0 Thread added: 0x0000024e376da330


Dynamic libraries:
0x00007ff7f9610000 - 0x00007ff7f961a000 	C:\Program Files\Android\Android Studio\jbr\bin\java.exe
0x00007fffb28e0000 - 0x00007fffb2b46000 	C:\WINDOWS\SYSTEM32\ntdll.dll
0x00007fffb1dc0000 - 0x00007fffb1e89000 	C:\WINDOWS\System32\KERNEL32.DLL
0x00007fffafbd0000 - 0x00007fffaff9c000 	C:\WINDOWS\System32\KERNELBASE.dll
0x00007fffb0150000 - 0x00007fffb029b000 	C:\WINDOWS\System32\ucrtbase.dll
0x00007fff96ea0000 - 0x00007fff96ebb000 	C:\Program Files\Android\Android Studio\jbr\bin\VCRUNTIME140.dll
0x00007fff7d540000 - 0x00007fff7d558000 	C:\Program Files\Android\Android Studio\jbr\bin\jli.dll
0x00007fffb1810000 - 0x00007fffb19da000 	C:\WINDOWS\System32\USER32.dll
0x00007fff98ad0000 - 0x00007fff98d6a000 	C:\WINDOWS\WinSxS\amd64_microsoft.windows.common-controls_6595b64144ccf1df_6.0.26100.3912_none_3e07963ce335137e\COMCTL32.dll
0x00007fffb0120000 - 0x00007fffb0147000 	C:\WINDOWS\System32\win32u.dll
0x00007fffb2070000 - 0x00007fffb2119000 	C:\WINDOWS\System32\msvcrt.dll
0x00007fffb0b70000 - 0x00007fffb0b9b000 	C:\WINDOWS\System32\GDI32.dll
0x00007fffb0420000 - 0x00007fffb0552000 	C:\WINDOWS\System32\gdi32full.dll
0x00007fffb0560000 - 0x00007fffb0603000 	C:\WINDOWS\System32\msvcp_win.dll
0x00007fffb0b30000 - 0x00007fffb0b60000 	C:\WINDOWS\System32\IMM32.DLL
0x00007fff96ec0000 - 0x00007fff96ecc000 	C:\Program Files\Android\Android Studio\jbr\bin\vcruntime140_1.dll
0x00007fff51f60000 - 0x00007fff51fed000 	C:\Program Files\Android\Android Studio\jbr\bin\msvcp140.dll
0x00007fff2c9b0000 - 0x00007fff2d633000 	C:\Program Files\Android\Android Studio\jbr\bin\server\jvm.dll
0x00007fffb0bc0000 - 0x00007fffb0c72000 	C:\WINDOWS\System32\ADVAPI32.dll
0x00007fffb27e0000 - 0x00007fffb2886000 	C:\WINDOWS\System32\sechost.dll
0x00007fffb1c50000 - 0x00007fffb1d66000 	C:\WINDOWS\System32\RPCRT4.dll
0x00007fffb0c80000 - 0x00007fffb0cf4000 	C:\WINDOWS\System32\WS2_32.dll
0x00007fffaf8c0000 - 0x00007fffaf91e000 	C:\WINDOWS\SYSTEM32\POWRPROF.dll
0x00007fffa9fd0000 - 0x00007fffaa006000 	C:\WINDOWS\SYSTEM32\WINMM.dll
0x00007fffa9b10000 - 0x00007fffa9b1b000 	C:\WINDOWS\SYSTEM32\VERSION.dll
0x00007fffaf8a0000 - 0x00007fffaf8b4000 	C:\WINDOWS\SYSTEM32\UMPDC.dll
0x00007fffae830000 - 0x00007fffae84a000 	C:\WINDOWS\SYSTEM32\kernel.appcore.dll
0x00007fff96e90000 - 0x00007fff96e9a000 	C:\Program Files\Android\Android Studio\jbr\bin\jimage.dll
0x00007fffa12a0000 - 0x00007fffa14e1000 	C:\WINDOWS\SYSTEM32\DBGHELP.DLL
0x00007fffb2150000 - 0x00007fffb24d4000 	C:\WINDOWS\System32\combase.dll
0x00007fffb24e0000 - 0x00007fffb25c0000 	C:\WINDOWS\System32\OLEAUT32.dll
0x00007fff946a0000 - 0x00007fff946d9000 	C:\WINDOWS\SYSTEM32\dbgcore.DLL
0x00007fffafa70000 - 0x00007fffafb09000 	C:\WINDOWS\System32\bcryptPrimitives.dll
0x00007fff7dd40000 - 0x00007fff7dd4e000 	C:\Program Files\Android\Android Studio\jbr\bin\instrument.dll
0x00007fff96e70000 - 0x00007fff96e90000 	C:\Program Files\Android\Android Studio\jbr\bin\java.dll
0x00007fff821d0000 - 0x00007fff821e8000 	C:\Program Files\Android\Android Studio\jbr\bin\zip.dll
0x00007fffb0df0000 - 0x00007fffb151d000 	C:\WINDOWS\System32\SHELL32.dll
0x00007fffaffa0000 - 0x00007fffb0114000 	C:\WINDOWS\System32\wintypes.dll
0x00007fffad700000 - 0x00007fffadf56000 	C:\WINDOWS\SYSTEM32\windows.storage.dll
0x00007fffb1b50000 - 0x00007fffb1c3f000 	C:\WINDOWS\System32\SHCORE.dll
0x00007fffb0d80000 - 0x00007fffb0de9000 	C:\WINDOWS\System32\shlwapi.dll
0x00007fffaf980000 - 0x00007fffaf9af000 	C:\WINDOWS\SYSTEM32\profapi.dll
0x00007fff88630000 - 0x00007fff88640000 	C:\Program Files\Android\Android Studio\jbr\bin\net.dll
0x00007fffa3890000 - 0x00007fffa39ae000 	C:\WINDOWS\SYSTEM32\WINHTTP.dll
0x00007fffaeda0000 - 0x00007fffaee0a000 	C:\WINDOWS\system32\mswsock.dll
0x00007fff81ee0000 - 0x00007fff81ef6000 	C:\Program Files\Android\Android Studio\jbr\bin\nio.dll
0x00007fff7fa00000 - 0x00007fff7fa10000 	C:\Program Files\Android\Android Studio\jbr\bin\verify.dll
0x00007fff70520000 - 0x00007fff70547000 	C:\Users\ASUS\.gradle\native\c067742578af261105cb4f569cf0c3c89f3d7b1fecec35dd04571415982c5e48\windows-amd64\native-platform.dll
0x00007fff2be00000 - 0x00007fff2bf44000 	C:\Users\ASUS\.gradle\native\100fb08df4bc3b14c8652ba06237920a3bd2aa13389f12d3474272988ae205f9\windows-amd64\native-platform-file-events.dll
0x00007fff83560000 - 0x00007fff83569000 	C:\Program Files\Android\Android Studio\jbr\bin\management.dll
0x00007fff804d0000 - 0x00007fff804db000 	C:\Program Files\Android\Android Studio\jbr\bin\management_ext.dll
0x00007fffb0bb0000 - 0x00007fffb0bb8000 	C:\WINDOWS\System32\PSAPI.DLL
0x00007fffaf040000 - 0x00007fffaf05c000 	C:\WINDOWS\SYSTEM32\CRYPTSP.dll
0x00007fffae790000 - 0x00007fffae7ca000 	C:\WINDOWS\system32\rsaenh.dll
0x00007fffaee40000 - 0x00007fffaee6b000 	C:\WINDOWS\SYSTEM32\USERENV.dll
0x00007fffaf950000 - 0x00007fffaf976000 	C:\WINDOWS\SYSTEM32\bcrypt.dll
0x00007fffaf060000 - 0x00007fffaf06c000 	C:\WINDOWS\SYSTEM32\CRYPTBASE.dll
0x00007fffae320000 - 0x00007fffae353000 	C:\WINDOWS\SYSTEM32\IPHLPAPI.DLL
0x00007fffb0ba0000 - 0x00007fffb0baa000 	C:\WINDOWS\System32\NSI.dll
0x00007fff845d0000 - 0x00007fff845d9000 	C:\Program Files\Android\Android Studio\jbr\bin\extnet.dll
0x00007fff7bc50000 - 0x00007fff7bc58000 	C:\WINDOWS\system32\wshunix.dll
0x00007fffae3f0000 - 0x00007fffae517000 	C:\WINDOWS\SYSTEM32\DNSAPI.dll
0x00007fffa3640000 - 0x00007fffa364b000 	C:\Windows\System32\rasadhlp.dll
0x00007fffa4920000 - 0x00007fffa49a6000 	C:\WINDOWS\System32\fwpuclnt.dll
0x00007fff92c30000 - 0x00007fff92c48000 	C:\WINDOWS\system32\napinsp.dll
0x00007fff8ab20000 - 0x00007fff8ab32000 	C:\WINDOWS\System32\winrnr.dll
0x00007fff8aae0000 - 0x00007fff8ab10000 	C:\WINDOWS\system32\nlansp_c.dll
0x00007fff8aab0000 - 0x00007fff8aad0000 	C:\WINDOWS\system32\wshbth.dll
0x00007fff4a3f0000 - 0x00007fff4a40e000 	C:\Users\ASUS\AppData\Local\Temp\native-platform16696682167591224974dir\native-platform.dll
0x00007fffa9f00000 - 0x00007fffa9f07000 	C:\Program Files\Android\Android Studio\jbr\bin\rmi.dll

dbghelp: loaded successfully - version: 4.0.5 - missing functions: none
symbol engine: initialized successfully - sym options: 0x614 - pdb path: .;C:\Program Files\Android\Android Studio\jbr\bin;C:\WINDOWS\SYSTEM32;C:\WINDOWS\WinSxS\amd64_microsoft.windows.common-controls_6595b64144ccf1df_6.0.26100.3912_none_3e07963ce335137e;C:\Program Files\Android\Android Studio\jbr\bin\server;C:\Users\ASUS\.gradle\native\c067742578af261105cb4f569cf0c3c89f3d7b1fecec35dd04571415982c5e48\windows-amd64;C:\Users\ASUS\.gradle\native\100fb08df4bc3b14c8652ba06237920a3bd2aa13389f12d3474272988ae205f9\windows-amd64;C:\Users\ASUS\AppData\Local\Temp\native-platform16696682167591224974dir

VM Arguments:
jvm_args: --add-opens=java.base/java.util=ALL-UNNAMED --add-opens=java.base/java.lang=ALL-UNNAMED --add-opens=java.base/java.lang.invoke=ALL-UNNAMED --add-opens=java.prefs/java.util.prefs=ALL-UNNAMED --add-exports=jdk.compiler/com.sun.tools.javac.api=ALL-UNNAMED --add-exports=jdk.compiler/com.sun.tools.javac.util=ALL-UNNAMED --add-opens=java.base/java.nio.charset=ALL-UNNAMED --add-opens=java.base/java.net=ALL-UNNAMED --add-opens=java.base/java.util.concurrent.atomic=ALL-UNNAMED -Xmx2048m -Dfile.encoding=UTF-8 -Duser.country=US -Duser.language=en -Duser.variant -javaagent:C:\Users\ASUS\.gradle\wrapper\dists\gradle-8.10.2-bin\a04bxjujx95o3nb99gddekhwo\gradle-8.10.2\lib\agents\gradle-instrumentation-agent-8.10.2.jar 
java_command: org.gradle.launcher.daemon.bootstrap.GradleDaemon 8.10.2
java_class_path (initial): C:\Users\ASUS\.gradle\wrapper\dists\gradle-8.10.2-bin\a04bxjujx95o3nb99gddekhwo\gradle-8.10.2\lib\gradle-daemon-main-8.10.2.jar
Launcher Type: SUN_STANDARD

[Global flags]
     intx CICompilerCount                          = 4                                         {product} {ergonomic}
     uint ConcGCThreads                            = 3                                         {product} {ergonomic}
     uint G1ConcRefinementThreads                  = 10                                        {product} {ergonomic}
   size_t G1HeapRegionSize                         = 1048576                                   {product} {ergonomic}
    uintx GCDrainStackTargetSize                   = 64                                        {product} {ergonomic}
   size_t InitialHeapSize                          = 257949696                                 {product} {ergonomic}
   size_t MarkStackSize                            = 4194304                                   {product} {ergonomic}
   size_t MaxHeapSize                              = 2147483648                                {product} {command line}
   size_t MaxNewSize                               = 1287651328                                {product} {ergonomic}
   size_t MinHeapDeltaBytes                        = 1048576                                   {product} {ergonomic}
   size_t MinHeapSize                              = 8388608                                   {product} {ergonomic}
    uintx NonNMethodCodeHeapSize                   = 5839372                                {pd product} {ergonomic}
    uintx NonProfiledCodeHeapSize                  = 122909434                              {pd product} {ergonomic}
    uintx ProfiledCodeHeapSize                     = 122909434                              {pd product} {ergonomic}
    uintx ReservedCodeCacheSize                    = 251658240                              {pd product} {ergonomic}
     bool SegmentedCodeCache                       = true                                      {product} {ergonomic}
   size_t SoftMaxHeapSize                          = 2147483648                             {manageable} {ergonomic}
     bool UseCompressedOops                        = true                           {product lp64_product} {ergonomic}
     bool UseG1GC                                  = true                                      {product} {ergonomic}
     bool UseLargePagesIndividualAllocation        = false                                  {pd product} {ergonomic}

Logging:
Log output configuration:
 #0: stdout all=warning uptime,level,tags foldmultilines=false
 #1: stderr all=off uptime,level,tags foldmultilines=false

Environment Variables:
JAVA_HOME=C:\Program Files\Android\Android Studio\jbr
PATH=C:\Program Files (x86)\Common Files\Intel\Shared Libraries\redist\intel64\compiler;C:\WINDOWS\system32;C:\WINDOWS;C:\WINDOWS\System32\Wbem;C:\WINDOWS\System32\WindowsPowerShell\v1.0\;C:\WINDOWS\System32\OpenSSH\;C:\Program Files (x86)\NVIDIA Corporation\PhysX\Common;C:\Program Files\NVIDIA Corporation\NVIDIA NvDLISR;C:\Program Files\dotnet\;C:\Program Files\Git\cmd;C:\Program Files\Cloudflare\Cloudflare WARP\;C:\Program Files\Android\Android Studio\jbr\bin;C:\Program Files (x86)\cloudflared\;C:\Users\ASUS\AppData\Local\Microsoft\WindowsApps;C:\laragon\bin\php\php-8.4.6-nts-Win32-vs17-x64;C:\Users\ASUS\AppData\Local\GitHubDesktop\bin;C:\Users\ASUS\composer;C:\Users\ASUS\AppData\Roaming\Composer\vendor\bin;C:\Users\ASUS\AppData\Local\Programs\Microsoft VS Code\bin;
USERNAME=ASUS
OS=Windows_NT
PROCESSOR_IDENTIFIER=AMD64 Family 25 Model 68 Stepping 1, AuthenticAMD
TMP=C:\Users\ASUS\AppData\Local\Temp
TEMP=C:\Users\ASUS\AppData\Local\Temp




Periodic native trim disabled

JNI global refs:
JNI global refs: 31, weak refs: 27

JNI global refs memory usage: 835, weak refs: 833

Process memory usage:
Resident Set Size: 576868K (3% of 16067364K total physical memory with 996224K free physical memory)

OOME stack traces (most recent first):
Classloader memory used:
Loader org.gradle.internal.classloader.VisitableURLClassLoader                         : 45592K
Loader bootstrap                                                                       : 32298K
Loader org.gradle.internal.classloader.VisitableURLClassLoader$InstrumentingVisitableURLClassLoader: 32079K
Loader org.gradle.initialization.MixInLegacyTypesClassLoader                           : 14060K
Loader jdk.internal.loader.ClassLoaders$AppClassLoader                                 : 6878K
Loader java.net.URLClassLoader                                                         : 4454K
Loader jdk.internal.loader.ClassLoaders$PlatformClassLoader                            : 1030K
Loader jdk.internal.reflect.DelegatingClassLoader                                      : 740K
Loader org.gradle.internal.classloader.VisitableURLClassLoader                         : 330K
Loader sun.reflect.misc.MethodUtil                                                     : 2952B

Classes loaded by more than one classloader:
Class Program                                                                         : loaded 5 times (x 68B)
Class kotlin.text.StringsKt__StringsKt                                                : loaded 3 times (x 67B)
Class kotlin.collections.CollectionsKt                                                : loaded 3 times (x 67B)
Class Build_gradle                                                                    : loaded 3 times (x 126B)
Class kotlin.jvm.internal.markers.KMappedMarker                                       : loaded 3 times (x 66B)
Class kotlin.NoWhenBranchMatchedException                                             : loaded 3 times (x 78B)
Class kotlin.Lazy                                                                     : loaded 3 times (x 66B)
Class kotlin.text.StringsKt__StringBuilderKt                                          : loaded 3 times (x 67B)
Class kotlin.jvm.internal.CallableReference$NoReceiver                                : loaded 3 times (x 67B)
Class kotlin.collections.ArraysKt__ArraysJVMKt                                        : loaded 3 times (x 67B)
Class kotlin.LazyKt                                                                   : loaded 3 times (x 67B)
Class kotlin.collections.CollectionsKt__ReversedViewsKt                               : loaded 3 times (x 67B)
Class kotlin.collections.SetsKt__SetsKt                                               : loaded 3 times (x 67B)
Class kotlin.collections.ArraysKt                                                     : loaded 3 times (x 67B)
Class kotlin.text.CharsKt__CharKt                                                     : loaded 3 times (x 67B)
Class kotlin.ranges.RangesKt___RangesKt                                               : loaded 3 times (x 67B)
Class kotlin.KotlinNullPointerException                                               : loaded 3 times (x 79B)
Class kotlin.collections.CollectionsKt__IterablesKt                                   : loaded 3 times (x 67B)
Class kotlin.collections.MapsKt                                                       : loaded 3 times (x 67B)
Class kotlin.jvm.internal.Intrinsics                                                  : loaded 3 times (x 67B)
Class kotlin.reflect.KAnnotatedElement                                                : loaded 3 times (x 66B)
Class kotlin.collections.CollectionsKt__MutableCollectionsJVMKt                       : loaded 3 times (x 67B)
Class kotlin.text.StringsKt___StringsKt                                               : loaded 3 times (x 67B)
Class kotlin.enums.EnumEntriesKt                                                      : loaded 3 times (x 67B)
Class kotlin.collections.MapsKt__MapWithDefaultKt                                     : loaded 3 times (x 67B)
Class kotlin.collections.MapsKt___MapsKt                                              : loaded 3 times (x 67B)
Class kotlin.collections.ArraysKt___ArraysKt                                          : loaded 3 times (x 67B)
Class kotlin.text.StringsKt___StringsJvmKt                                            : loaded 3 times (x 67B)
Class kotlin.reflect.KDeclarationContainer                                            : loaded 3 times (x 66B)
Class kotlin.collections.CollectionsKt___CollectionsKt                                : loaded 3 times (x 67B)
Class kotlin.collections.MapsKt___MapsJvmKt                                           : loaded 3 times (x 67B)
Class kotlin.jvm.functions.Function1                                                  : loaded 3 times (x 66B)
Class kotlin.jvm.functions.Function0                                                  : loaded 3 times (x 66B)
Class kotlin.ranges.RangesKt                                                          : loaded 3 times (x 67B)
Class kotlin.TuplesKt                                                                 : loaded 3 times (x 67B)
Class kotlin.collections.CollectionsKt___CollectionsJvmKt                             : loaded 3 times (x 67B)
Class kotlin.text.CharsKt__CharJVMKt                                                  : loaded 3 times (x 67B)
Class kotlin.ranges.RangesKt__RangesKt                                                : loaded 3 times (x 67B)
Class kotlin.collections.SetsKt___SetsKt                                              : loaded 3 times (x 67B)
Class kotlin.UNINITIALIZED_VALUE                                                      : loaded 3 times (x 67B)
Class kotlin.LazyKt__LazyKt                                                           : loaded 3 times (x 67B)
Class kotlin.text.StringsKt__StringBuilderJVMKt                                       : loaded 3 times (x 67B)
Class kotlin.collections.AbstractCollection                                           : loaded 3 times (x 113B)
Class kotlin.collections.AbstractList                                                 : loaded 3 times (x 193B)
Class Build_gradle$1                                                                  : loaded 3 times (x 70B)
Class kotlin.SynchronizedLazyImpl                                                     : loaded 3 times (x 72B)
Class kotlin.text.StringsKt__RegexExtensionsKt                                        : loaded 3 times (x 67B)
Class kotlin.collections.AbstractList$Companion                                       : loaded 3 times (x 67B)
Class kotlin.enums.EnumEntries                                                        : loaded 3 times (x 66B)
Class kotlin.jvm.internal.CallableReference                                           : loaded 3 times (x 102B)
Class kotlin.jvm.KotlinReflectionNotSupportedError                                    : loaded 3 times (x 78B)
Class kotlin.text.StringsKt__StringNumberConversionsKt                                : loaded 3 times (x 67B)
Class kotlin.LazyKt__LazyJVMKt                                                        : loaded 3 times (x 67B)
Class kotlin.text.StringsKt                                                           : loaded 3 times (x 67B)
Class kotlin.collections.CollectionsKt__IteratorsKt                                   : loaded 3 times (x 67B)
Class kotlin.collections.CollectionsKt__CollectionsJVMKt                              : loaded 3 times (x 67B)
Class kotlin.UninitializedPropertyAccessException                                     : loaded 3 times (x 78B)
Class kotlin.jvm.internal.Lambda                                                      : loaded 3 times (x 71B)
Class kotlin.collections.MapsKt__MapsKt                                               : loaded 3 times (x 67B)
Class kotlin.text.StringsKt__AppendableKt                                             : loaded 3 times (x 67B)
Class kotlin.reflect.KFunction                                                        : loaded 3 times (x 66B)
Class kotlin.NotImplementedError                                                      : loaded 3 times (x 78B)
Class kotlin.text.StringsKt__IndentKt                                                 : loaded 3 times (x 67B)
Class kotlin.collections.SetsKt                                                       : loaded 3 times (x 67B)
Class kotlin.text.StringsKt__StringsJVMKt                                             : loaded 3 times (x 67B)
Class kotlin.Function                                                                 : loaded 3 times (x 66B)
Class kotlin.collections.SetsKt__SetsJVMKt                                            : loaded 3 times (x 67B)
Class kotlin.collections.ArraysKt__ArraysKt                                           : loaded 3 times (x 67B)
Class kotlin.collections.MapsKt__MapsJVMKt                                            : loaded 3 times (x 67B)
Class kotlin.text.CharsKt                                                             : loaded 3 times (x 67B)
Class kotlin.reflect.KCallable                                                        : loaded 3 times (x 66B)
Class kotlin.collections.CollectionsKt__MutableCollectionsKt                          : loaded 3 times (x 67B)
Class kotlin.Pair                                                                     : loaded 3 times (x 68B)
Class kotlin.text.StringsKt__StringNumberConversionsJVMKt                             : loaded 3 times (x 67B)
Class kotlin.collections.CollectionsKt__IteratorsJVMKt                                : loaded 3 times (x 67B)
Class kotlin.jvm.internal.FunctionBase                                                : loaded 3 times (x 66B)
Class kotlin.jvm.internal.FunctionReference                                           : loaded 3 times (x 118B)
Class kotlin.enums.EnumEntriesList                                                    : loaded 3 times (x 219B)
Class kotlin.collections.CollectionsKt__CollectionsKt                                 : loaded 3 times (x 67B)
Class kotlin.collections.ArraysKt___ArraysJvmKt                                       : loaded 3 times (x 67B)
Class kotlin.text.StringsKt__RegexExtensionsJVMKt                                     : loaded 3 times (x 67B)
Class com.google.common.util.concurrent.AbstractFuture$SafeAtomicHelper               : loaded 2 times (x 75B)
Class com.google.common.cache.LocalCache$LocalLoadingCache                            : loaded 2 times (x 130B)
Class com.google.common.base.AbstractIterator$State                                   : loaded 2 times (x 75B)
Class org.gradle.internal.service.UnknownServiceException                             : loaded 2 times (x 79B)
Class kotlin.jvm.functions.Function21                                                 : loaded 2 times (x 66B)
Class kotlin.reflect.jvm.internal.impl.name.ClassId                                   : loaded 2 times (x 68B)
Class com.google.common.reflect.Types$ClassOwnership$2                                : loaded 2 times (x 76B)
Class com.google.common.reflect.TypeResolver                                          : loaded 2 times (x 68B)
Class com.google.common.collect.Sets$4                                                : loaded 2 times (x 135B)
Class org.objectweb.asm.ModuleVisitor                                                 : loaded 2 times (x 77B)
Class com.google.common.cache.LocalCache$Strength$1                                   : loaded 2 times (x 77B)
Class kotlin.jvm.functions.Function22                                                 : loaded 2 times (x 66B)
Class kotlin.collections.MapWithDefault                                               : loaded 2 times (x 66B)
Class net.rubygrapefruit.platform.internal.Platform$MacOs64Bit                        : loaded 2 times (x 78B)
Class com.google.common.reflect.Types$ClassOwnership$3                                : loaded 2 times (x 67B)
Class com.google.common.util.concurrent.SettableFuture                                : loaded 2 times (x 110B)
Class com.google.common.cache.LocalCache$Strength$2                                   : loaded 2 times (x 77B)
Class kotlin.reflect.jvm.internal.KClassImpl$Data$descriptor$2                        : loaded 2 times (x 75B)
Class kotlin.reflect.KTypeParameter                                                   : loaded 2 times (x 66B)
Class com.google.common.collect.Sets$3                                                : loaded 2 times (x 135B)
Class com.google.common.reflect.Types$ClassOwnership$1                                : loaded 2 times (x 76B)
Class kotlin.jvm.functions.Function20                                                 : loaded 2 times (x 66B)
Class net.rubygrapefruit.platform.internal.Platform$Posix                             : loaded 2 times (x 77B)
Class com.google.common.cache.LocalCache$Strength$3                                   : loaded 2 times (x 77B)
Class com.google.common.collect.MapDifference                                         : loaded 2 times (x 66B)
Class com.google.common.base.Splitter$1                                               : loaded 2 times (x 73B)
Class kotlin._Assertions                                                              : loaded 2 times (x 67B)
Class kotlin.text.Regex$Companion                                                     : loaded 2 times (x 67B)
Class com.google.common.reflect.Invokable                                             : loaded 2 times (x 99B)
Class org.objectweb.asm.FieldWriter                                                   : loaded 2 times (x 74B)
Class com.google.common.cache.CacheBuilder$NullListener                               : loaded 2 times (x 78B)
Class org.gradle.internal.classpath.TransformedClassPath                              : loaded 2 times (x 92B)
Class org.gradle.internal.classloader.InstrumentingClassLoader                        : loaded 2 times (x 66B)
Class kotlin.reflect.jvm.internal.impl.name.StandardClassIds                          : loaded 2 times (x 67B)
Class kotlin.reflect.jvm.internal.KPropertyImpl$_javaField$1                          : loaded 2 times (x 75B)
Class org.gradle.api.internal.ClassPathProvider                                       : loaded 2 times (x 66B)
Class kotlin.reflect.jvm.internal.KClassImpl$data$1                                   : loaded 2 times (x 75B)
Class [Lorg.gradle.api.internal.ClassPathProvider;                                    : loaded 2 times (x 65B)
Class com.google.common.collect.Sets$2                                                : loaded 2 times (x 135B)
Class com.google.common.reflect.Types$ParameterizedTypeImpl                           : loaded 2 times (x 77B)
Class com.google.common.collect.ImmutableRangeSet$AsSet                               : loaded 2 times (x 295B)
Class com.google.common.cache.CacheLoader$FunctionToCacheLoader                       : loaded 2 times (x 71B)
Class com.google.common.collect.Iterators$ArrayItr                                    : loaded 2 times (x 93B)
Class com.google.common.collect.ImmutableCollection$Builder                           : loaded 2 times (x 72B)
Class kotlin.reflect.jvm.internal.impl.name.FqNamesUtilKt                             : loaded 2 times (x 67B)
Class kotlin.reflect.jvm.internal.impl.name.StandardClassIdsKt                        : loaded 2 times (x 67B)
Class kotlin.comparisons.ComparisonsKt___ComparisonsJvmKt                             : loaded 2 times (x 67B)
Class kotlin.sequences.Sequence                                                       : loaded 2 times (x 66B)
Class com.google.common.reflect.TypeResolver$TypeVariableKey                          : loaded 2 times (x 68B)
Class com.google.common.base.Joiner                                                   : loaded 2 times (x 75B)
Class com.google.common.base.MoreObjects                                              : loaded 2 times (x 67B)
Class kotlin.Result                                                                   : loaded 2 times (x 68B)
Class kotlin.reflect.KProperty0                                                       : loaded 2 times (x 66B)
Class [Lorg.objectweb.asm.Type;                                                       : loaded 2 times (x 65B)
Class com.google.common.collect.Platform                                              : loaded 2 times (x 67B)
Class com.google.common.collect.UnmodifiableIterator                                  : loaded 2 times (x 76B)
Class org.gradle.internal.service.ServiceLocator                                      : loaded 2 times (x 66B)
Class kotlin.reflect.jvm.internal.impl.builtins.jvm.JavaToKotlinClassMap$PlatformMutabilityMapping: loaded 2 times (x 68B)
Class kotlin.reflect.KClass                                                           : loaded 2 times (x 66B)
Class kotlin.reflect.KProperty1                                                       : loaded 2 times (x 66B)
Class com.google.common.base.Ascii                                                    : loaded 2 times (x 67B)
Class com.google.common.collect.SingletonImmutableBiMap                               : loaded 2 times (x 139B)
Class com.google.common.cache.LocalCache$1                                            : loaded 2 times (x 85B)
Class com.google.common.collect.AbstractMapEntry                                      : loaded 2 times (x 77B)
Class kotlin.reflect.jvm.internal.KClassImpl$Data$qualifiedName$2                     : loaded 2 times (x 75B)
Class kotlin.reflect.KProperty2                                                       : loaded 2 times (x 66B)
Class kotlin.reflect.jvm.internal.impl.builtins.PrimitiveType$arrayTypeFqName$2       : loaded 2 times (x 75B)
Class kotlin.io.CloseableKt                                                           : loaded 2 times (x 67B)
Class com.google.common.reflect.TypeToken$SimpleTypeToken                             : loaded 2 times (x 69B)
Class com.google.common.collect.Sets$ImprovedAbstractSet                              : loaded 2 times (x 131B)
Class com.google.common.collect.ImmutableList$Builder                                 : loaded 2 times (x 73B)
Class com.google.common.cache.LocalCache$2                                            : loaded 2 times (x 138B)
Class com.google.common.collect.AbstractMultimap                                      : loaded 2 times (x 119B)
Class kotlin.reflect.jvm.internal.impl.utils.CollectionsKt                            : loaded 2 times (x 67B)
Class kotlin.reflect.jvm.internal.CacheByClass                                        : loaded 2 times (x 69B)
Class org.gradle.api.internal.DefaultClassPathProvider                                : loaded 2 times (x 72B)
Class kotlin.io.TerminateException                                                    : loaded 2 times (x 78B)
Class kotlin.io.FilesKt__FilePathComponentsKt                                         : loaded 2 times (x 67B)
Class com.google.common.collect.ImmutableRangeSet$1                                   : loaded 2 times (x 205B)
Class com.google.common.util.concurrent.AbstractFuture$UnsafeAtomicHelper$1           : loaded 2 times (x 72B)
Class com.google.common.collect.RegularImmutableAsList                                : loaded 2 times (x 212B)
Class com.google.common.base.Splitter                                                 : loaded 2 times (x 68B)
Class kotlin.io.LinesSequence$iterator$1                                              : loaded 2 times (x 75B)
Class com.google.common.collect.Range                                                 : loaded 2 times (x 83B)
Class com.google.common.util.concurrent.AbstractFuture$Trusted                        : loaded 2 times (x 66B)
Class com.google.common.collect.Iterators                                             : loaded 2 times (x 67B)
Class com.google.common.base.CharMatcher$RangesMatcher                                : loaded 2 times (x 108B)
Class net.rubygrapefruit.platform.internal.Platform$Linux32Bit                        : loaded 2 times (x 79B)
Class com.google.common.util.concurrent.UncheckedExecutionException                   : loaded 2 times (x 78B)
Class com.google.common.collect.Lists$StringAsImmutableList                           : loaded 2 times (x 203B)
Class org.gradle.kotlin.dsl.VersionCatalogAccessorsKt                                 : loaded 2 times (x 67B)
Class kotlin.reflect.jvm.internal.KClassImpl$Data$declaredMembers$2                   : loaded 2 times (x 75B)
Class net.rubygrapefruit.platform.Native                                              : loaded 2 times (x 67B)
Class net.rubygrapefruit.platform.NativeIntegration                                   : loaded 2 times (x 66B)
Class com.google.common.collect.ImmutableSortedSetFauxverideShim                      : loaded 2 times (x 143B)
Class com.google.common.base.CharMatcher$JavaLetterOrDigit                            : loaded 2 times (x 107B)
Class org.gradle.internal.InternalTransformer                                         : loaded 2 times (x 66B)
Class kotlin.reflect.jvm.internal.ReflectionFactoryImpl                               : loaded 2 times (x 87B)
Class org.objectweb.asm.AnnotationVisitor                                             : loaded 2 times (x 74B)
Class kotlin.collections.EmptyList                                                    : loaded 2 times (x 170B)
Class com.google.common.collect.ImmutableBiMap$Builder                                : loaded 2 times (x 78B)
Class [Lnet.rubygrapefruit.platform.internal.FunctionResult$Failure;                  : loaded 2 times (x 65B)
Class com.google.common.collect.AbstractMapBasedMultimap$KeySet$1                     : loaded 2 times (x 78B)
Class org.objectweb.asm.ClassWriter                                                   : loaded 2 times (x 102B)
Class com.google.common.cache.CacheLoader$UnsupportedLoadingOperationException        : loaded 2 times (x 78B)
Class com.google.common.base.CharMatcher$And                                          : loaded 2 times (x 108B)
Class org.gradle.internal.classloader.ClasspathUtil$1                                 : loaded 2 times (x 72B)
Class kotlin.reflect.jvm.internal.impl.builtins.StandardNames$FqNames                 : loaded 2 times (x 67B)
Class kotlin.reflect.jvm.internal.KCallableImpl$_absentArguments$1                    : loaded 2 times (x 75B)
Class org.objectweb.asm.FieldVisitor                                                  : loaded 2 times (x 73B)
Class com.google.common.collect.IndexedImmutableSet                                   : loaded 2 times (x 146B)
Class com.google.common.collect.ImmutableMap$1                                        : loaded 2 times (x 77B)
Class com.google.common.collect.BiMap                                                 : loaded 2 times (x 66B)
Class org.gradle.api.internal.classpath.DefaultModuleRegistry$DefaultModule           : loaded 2 times (x 82B)
Class kotlin.reflect.jvm.internal.ClassValueCache                                     : loaded 2 times (x 70B)
Class com.google.common.reflect.Reflection                                            : loaded 2 times (x 67B)
Class com.google.common.primitives.Ints                                               : loaded 2 times (x 67B)
Class com.google.common.collect.AbstractIterator                                      : loaded 2 times (x 78B)
Class kotlin.reflect.jvm.internal.KClassImpl$Data$inheritedStaticMembers$2            : loaded 2 times (x 75B)
Class kotlin.Result$Failure                                                           : loaded 2 times (x 68B)
Class com.google.common.collect.Sets$1                                                : loaded 2 times (x 135B)
Class com.google.common.math.MathPreconditions                                        : loaded 2 times (x 67B)
Class com.google.common.collect.Multiset                                              : loaded 2 times (x 66B)
Class com.google.common.collect.ArrayListMultimapGwtSerializationDependencies         : loaded 2 times (x 168B)
Class com.google.common.collect.ObjectArrays                                          : loaded 2 times (x 67B)
Class com.google.common.collect.AbstractIndexedListIterator                           : loaded 2 times (x 92B)
Class com.google.common.collect.ImmutableSet$SerializedForm                           : loaded 2 times (x 69B)
Class kotlin.reflect.jvm.internal.impl.builtins.jvm.JavaToKotlinClassMap              : loaded 2 times (x 67B)
Class kotlin.reflect.jvm.internal.KotlinReflectionInternalError                       : loaded 2 times (x 78B)
Class [Lkotlin.reflect.KCallable;                                                     : loaded 2 times (x 65B)
Class com.google.common.collect.ImmutableMapEntrySet                                  : loaded 2 times (x 147B)
Class org.gradle.api.internal.classpath.Module                                        : loaded 2 times (x 66B)
Class kotlin.reflect.jvm.internal.KClassifierImpl                                     : loaded 2 times (x 66B)
Class kotlin.reflect.KMutableProperty                                                 : loaded 2 times (x 66B)
Class kotlin.internal.ProgressionUtilKt                                               : loaded 2 times (x 67B)
Class kotlin.io.FileAlreadyExistsException                                            : loaded 2 times (x 78B)
Class com.google.common.cache.Weigher                                                 : loaded 2 times (x 66B)
Class org.gradle.api.internal.classpath.UnknownModuleException                        : loaded 2 times (x 78B)
Class kotlin.jvm.internal.PropertyReference                                           : loaded 2 times (x 111B)
Class com.google.common.base.Stopwatch                                                : loaded 2 times (x 68B)
Class com.google.common.cache.LocalCache$Strength                                     : loaded 2 times (x 77B)
Class com.google.common.cache.Cache                                                   : loaded 2 times (x 66B)
Class kotlin.reflect.jvm.internal.KClassImpl$Data$nestedClasses$2                     : loaded 2 times (x 75B)
Class com.google.common.util.concurrent.AbstractFuture$Cancellation                   : loaded 2 times (x 68B)
Class com.google.common.collect.ImmutableMap$Builder                                  : loaded 2 times (x 78B)
Class com.google.common.base.NullnessCasts                                            : loaded 2 times (x 67B)
Class [Lkotlin.reflect.jvm.internal.impl.builtins.PrimitiveType;                      : loaded 2 times (x 65B)
Class kotlin.reflect.jvm.internal.impl.builtins.StandardNames                         : loaded 2 times (x 67B)
Class kotlin.reflect.jvm.internal.KClassImpl$Data$annotations$2                       : loaded 2 times (x 75B)
Class kotlin.reflect.jvm.internal.ReflectProperties$LazySoftVal                       : loaded 2 times (x 74B)
Class [Lkotlin.reflect.KAnnotatedElement;                                             : loaded 2 times (x 65B)
Class net.rubygrapefruit.platform.internal.FunctionResult                             : loaded 2 times (x 73B)
Class com.google.common.cache.RemovalListener                                         : loaded 2 times (x 66B)
Class org.gradle.api.internal.DefaultClassPathRegistry                                : loaded 2 times (x 72B)
Class kotlin.jvm.JvmClassMappingKt                                                    : loaded 2 times (x 67B)
Class kotlin.reflect.jvm.internal.KPropertyImpl                                       : loaded 2 times (x 111B)
Class kotlin.reflect.KProperty                                                        : loaded 2 times (x 66B)
Class kotlin.jvm.internal.Reflection                                                  : loaded 2 times (x 67B)
Class kotlin.ranges.ClosedRange                                                       : loaded 2 times (x 66B)
Class net.rubygrapefruit.platform.NativeIntegrationLinkageException                   : loaded 2 times (x 78B)
Class com.google.common.reflect.Invokable$ConstructorInvokable                        : loaded 2 times (x 103B)
Class com.google.common.primitives.IntsMethodsForWeb                                  : loaded 2 times (x 67B)
Class com.google.common.collect.Multimap                                              : loaded 2 times (x 66B)
Class org.gradle.api.internal.ClassPathRegistry                                       : loaded 2 times (x 66B)
Class org.gradle.internal.classpath.DefaultClassPath$ImmutableUniqueList              : loaded 2 times (x 195B)
Class kotlin.reflect.jvm.internal.impl.resolve.jvm.JvmPrimitiveType                   : loaded 2 times (x 75B)
Class kotlin.reflect.jvm.internal.KClassImpl$Data$declaredNonStaticMembers$2          : loaded 2 times (x 75B)
Class kotlin.reflect.jvm.internal.ComputableClassValue                                : loaded 2 times (x 76B)
Class kotlin.reflect.KProperty$Accessor                                               : loaded 2 times (x 66B)
Class kotlin.jvm.internal.TypeIntrinsics                                              : loaded 2 times (x 67B)
Class com.google.common.reflect.TypeToken                                             : loaded 2 times (x 69B)
Class kotlin.reflect.jvm.internal.KCallableImpl                                       : loaded 2 times (x 101B)
Class com.google.common.collect.ListMultimap                                          : loaded 2 times (x 66B)
Class com.google.common.collect.ImmutableEnumMap                                      : loaded 2 times (x 121B)
Class net.rubygrapefruit.platform.internal.jni.NativeLibraryFunctions                 : loaded 2 times (x 67B)
Class com.google.common.cache.CacheBuilder                                            : loaded 2 times (x 68B)
Class com.google.common.collect.SingletonImmutableList                                : loaded 2 times (x 203B)
Class Settings_gradle$1                                                               : loaded 2 times (x 70B)
Class org.gradle.internal.classpath.ClassPath                                         : loaded 2 times (x 66B)
Class org.gradle.api.UncheckedIOException                                             : loaded 2 times (x 78B)
Class [Lkotlin.reflect.jvm.internal.impl.name.FqName;                                 : loaded 2 times (x 65B)
Class com.google.common.collect.ImmutableRangeSet                                     : loaded 2 times (x 111B)
Class [Lcom.google.common.reflect.Types$JavaVersion;                                  : loaded 2 times (x 65B)
Class com.google.common.collect.ImmutableList$ReverseImmutableList                    : loaded 2 times (x 204B)
Class com.google.common.base.JdkPattern                                               : loaded 2 times (x 71B)
Class kotlin.reflect.jvm.internal.KClassImpl$Data$declaredStaticMembers$2             : loaded 2 times (x 75B)
Class kotlin.reflect.jvm.internal.KProperty1Impl$delegateSource$1                     : loaded 2 times (x 75B)
Class [Lkotlin.reflect.KDeclarationContainer;                                         : loaded 2 times (x 65B)
Class kotlin.reflect.jvm.internal.CachesKt$K_CLASS_CACHE$1                            : loaded 2 times (x 74B)
Class kotlin.reflect.jvm.internal.impl.name.FqNameUnsafe$1                            : loaded 2 times (x 70B)
Class net.rubygrapefruit.platform.internal.Platform$Windows                           : loaded 2 times (x 75B)
Class org.objectweb.asm.SymbolTable$Entry                                             : loaded 2 times (x 70B)
Class com.google.common.util.concurrent.AbstractFuture$AtomicHelper                   : loaded 2 times (x 74B)
Class org.objectweb.asm.Edge                                                          : loaded 2 times (x 68B)
Class com.google.common.base.Suppliers$SupplierOfInstance                             : loaded 2 times (x 75B)
Class com.google.common.collect.Iterators$1                                           : loaded 2 times (x 77B)
Class org.gradle.api.internal.classpath.EffectiveClassPath                            : loaded 2 times (x 86B)
Class kotlin.Metadata                                                                 : loaded 2 times (x 66B)
Class com.google.common.reflect.TypeToken$1                                           : loaded 2 times (x 106B)
Class com.google.common.cache.LocalCache$ComputingValueReference                      : loaded 2 times (x 92B)
Class com.google.common.collect.SingletonImmutableSet                                 : loaded 2 times (x 142B)
Class com.google.common.collect.ImmutableMap$IteratorBasedImmutableMap                : loaded 2 times (x 121B)
Class kotlin.reflect.jvm.internal.KClassImpl$Data$supertypes$2                        : loaded 2 times (x 75B)
Class kotlin.reflect.KProperty$Getter                                                 : loaded 2 times (x 66B)
Class com.google.common.reflect.TypeToken$2                                           : loaded 2 times (x 106B)
Class com.google.common.cache.LocalCache$Segment                                      : loaded 2 times (x 150B)
Class kotlin.SafePublicationLazyImpl                                                  : loaded 2 times (x 72B)
Class kotlin.reflect.jvm.internal.ReflectProperties                                   : loaded 2 times (x 67B)
Class net.rubygrapefruit.platform.internal.LibraryDef                                 : loaded 2 times (x 68B)
Class com.google.common.collect.SortedIterable                                        : loaded 2 times (x 66B)
Class [Lorg.objectweb.asm.SymbolTable$Entry;                                          : loaded 2 times (x 65B)
Class com.google.common.cache.CacheLoader                                             : loaded 2 times (x 70B)
Class com.google.common.collect.Iterators$4                                           : loaded 2 times (x 78B)
Class com.google.common.collect.ImmutableBiMap                                        : loaded 2 times (x 139B)
Class com.google.common.collect.AbstractListMultimap                                  : loaded 2 times (x 168B)
Class org.gradle.internal.installation.GradleInstallation$1                           : loaded 2 times (x 71B)
Class org.gradle.api.internal.classpath.ModuleRegistry                                : loaded 2 times (x 66B)
Class com.google.common.util.concurrent.internal.InternalFutureFailureAccess          : loaded 2 times (x 68B)
Class com.google.common.collect.Iterators$5                                           : loaded 2 times (x 78B)
Class com.google.common.collect.ImmutableSet$JdkBackedSetBuilderImpl                  : loaded 2 times (x 72B)
Class com.google.common.base.Splitter$SplittingIterator                               : loaded 2 times (x 80B)
Class kotlin.reflect.jvm.internal.KDeclarationContainerImpl                           : loaded 2 times (x 80B)
Class com.google.common.util.concurrent.AbstractFuture$UnsafeAtomicHelper             : loaded 2 times (x 74B)
Class com.google.common.cache.LocalCache$LocalManualCache$1                           : loaded 2 times (x 71B)
Class com.google.common.base.CharMatcher$ForPredicate                                 : loaded 2 times (x 108B)
Class [Lcom.google.common.collect.ImmutableMapEntry;                                  : loaded 2 times (x 65B)
Class kotlin.io.FilesKt__UtilsKt                                                      : loaded 2 times (x 67B)
Class net.rubygrapefruit.platform.internal.Platform$Window32Bit                       : loaded 2 times (x 75B)
Class com.google.common.collect.ImmutableCollection                                   : loaded 2 times (x 121B)
Class com.google.common.base.CharMatcher$AnyOf                                        : loaded 2 times (x 108B)
Class org.gradle.api.internal.classpath.DefaultModuleRegistry                         : loaded 2 times (x 82B)
Class kotlin.reflect.jvm.internal.impl.name.SpecialNames                              : loaded 2 times (x 67B)
Class net.rubygrapefruit.platform.internal.Platform                                   : loaded 2 times (x 75B)
Class kotlin.sequences.SequencesKt                                                    : loaded 2 times (x 67B)
Class com.google.common.util.concurrent.ListenableFuture                              : loaded 2 times (x 66B)
Class com.google.common.cache.ReferenceEntry                                          : loaded 2 times (x 66B)
Class com.google.common.collect.ImmutableSet$CachingAsList                            : loaded 2 times (x 143B)
Class com.google.common.base.Converter                                                : loaded 2 times (x 86B)
Class com.google.common.collect.Lists                                                 : loaded 2 times (x 67B)
Class com.google.common.base.CharMatcher$Any                                          : loaded 2 times (x 108B)
Class kotlin.reflect.jvm.internal.KClassImpl$Data$allMembers$2                        : loaded 2 times (x 75B)
Class net.rubygrapefruit.platform.NativeIntegrationUnavailableException               : loaded 2 times (x 78B)
Class com.google.common.util.concurrent.AbstractFuture                                : loaded 2 times (x 102B)
Class com.google.common.base.FunctionalEquivalence                                    : loaded 2 times (x 79B)
Class com.google.common.collect.Iterators$9                                           : loaded 2 times (x 77B)
Class com.google.common.collect.AbstractMapBasedMultimap                              : loaded 2 times (x 135B)
Class com.google.common.collect.ImmutableAsList                                       : loaded 2 times (x 205B)
Class kotlin.reflect.jvm.internal.CachesKt$CACHE_FOR_NULLABLE_BASE_CLASSIFIERS$1      : loaded 2 times (x 74B)
Class kotlin.reflect.jvm.internal.KProperty1Impl                                      : loaded 2 times (x 124B)
Class com.google.common.reflect.TypeResolver$TypeTable                                : loaded 2 times (x 69B)
Class org.objectweb.asm.RecordComponentVisitor                                        : loaded 2 times (x 73B)
Class com.google.common.cache.CacheLoader$SupplierToCacheLoader                       : loaded 2 times (x 71B)
Class kotlin.reflect.jvm.internal.KClassImpl$Data$objectInstance$2                    : loaded 2 times (x 75B)
Class kotlin.io.FilesKt__FileReadWriteKt                                              : loaded 2 times (x 67B)
Class [Lkotlin.Pair;                                                                  : loaded 2 times (x 65B)
Class com.google.common.reflect.TypeResolver$TypeTable$1                              : loaded 2 times (x 69B)
Class org.gradle.internal.classloader.ClassLoaderVisitor                              : loaded 2 times (x 72B)
Class org.gradle.internal.service.ServiceLookupException                              : loaded 2 times (x 78B)
Class com.google.common.collect.Lists$ReverseList                                     : loaded 2 times (x 196B)
Class com.google.common.collect.ImmutableSortedSet                                    : loaded 2 times (x 295B)
Class [Lcom.google.common.cache.LocalCache$EntryFactory;                              : loaded 2 times (x 65B)
Class com.google.common.base.CharMatcher$JavaLetter                                   : loaded 2 times (x 107B)
Class org.gradle.internal.classloader.ClassLoaderFactory                              : loaded 2 times (x 66B)
Class kotlin.reflect.jvm.internal.impl.builtins.PrimitiveType                         : loaded 2 times (x 75B)
Class com.google.common.collect.ImmutableMap$SerializedForm                           : loaded 2 times (x 69B)
Class net.rubygrapefruit.platform.internal.Platform$Linux                             : loaded 2 times (x 79B)
Class com.google.common.cache.LocalCache$LocalManualCache                             : loaded 2 times (x 95B)
Class com.google.common.base.CharMatcher$IsNot                                        : loaded 2 times (x 107B)
Class com.google.common.base.CommonPattern                                            : loaded 2 times (x 70B)
Class org.gradle.internal.service.CachingServiceLocator                               : loaded 2 times (x 78B)
Class kotlin.reflect.jvm.internal.CachesKt$CACHE_FOR_GENERIC_CLASSIFIERS$1            : loaded 2 times (x 74B)
Class com.google.common.base.CharMatcher$None                                         : loaded 2 times (x 108B)
Class com.google.common.collect.AbstractMapBasedMultimap$KeySet                       : loaded 2 times (x 133B)
Class com.google.common.collect.RegularImmutableSortedSet                             : loaded 2 times (x 295B)
Class com.google.common.math.IntMath                                                  : loaded 2 times (x 67B)
Class kotlin.reflect.jvm.internal.impl.descriptors.runtime.structure.ReflectClassUtilKt: loaded 2 times (x 67B)
Class kotlin.ranges.IntRange                                                          : loaded 2 times (x 89B)
Class com.google.common.reflect.Types$TypeVariableInvocationHandler                   : loaded 2 times (x 71B)
Class com.google.common.collect.Iterators$10                                          : loaded 2 times (x 77B)
Class com.google.common.collect.ImmutableMapEntry                                     : loaded 2 times (x 81B)
Class com.google.common.base.CharMatcher$JavaDigit                                    : loaded 2 times (x 107B)
Class kotlin.sequences.SequencesKt___SequencesKt                                      : loaded 2 times (x 67B)
Class com.google.common.base.Equivalence                                              : loaded 2 times (x 78B)
Class com.google.common.collect.ImmutableMapEntry$NonTerminalImmutableMapEntry        : loaded 2 times (x 81B)
Class com.google.common.base.Function                                                 : loaded 2 times (x 66B)
Class kotlin.reflect.jvm.internal.KCallableImpl$_returnType$1                         : loaded 2 times (x 75B)
Class com.google.common.cache.CacheBuilder$OneWeigher                                 : loaded 2 times (x 78B)
Class com.google.common.collect.RegularImmutableList                                  : loaded 2 times (x 208B)
Class kotlin.reflect.jvm.internal.KDeclarationContainerImpl$Companion                 : loaded 2 times (x 67B)
Class net.rubygrapefruit.platform.internal.Platform$Unsupported                       : loaded 2 times (x 75B)
Class net.rubygrapefruit.platform.internal.Platform$FreeBSD32Bit                      : loaded 2 times (x 78B)
Class com.google.common.reflect.Types$ClassOwnership$1LocalClass                      : loaded 2 times (x 67B)
Class com.google.common.collect.ImmutableBiMapFauxverideShim                          : loaded 2 times (x 116B)
Class org.gradle.internal.classloader.ClasspathUtil                                   : loaded 2 times (x 67B)
Class kotlin.jvm.internal.PropertyReference0                                          : loaded 2 times (x 123B)
Class kotlin.io.FileSystemException                                                   : loaded 2 times (x 78B)
Class net.rubygrapefruit.platform.internal.Platform$Unix                              : loaded 2 times (x 78B)
Class com.google.common.base.Charsets                                                 : loaded 2 times (x 67B)
Class com.google.common.util.concurrent.Uninterruptibles                              : loaded 2 times (x 67B)
Class kotlin.reflect.full.IllegalCallableAccessException                              : loaded 2 times (x 78B)
Class kotlin.jvm.internal.DefaultConstructorMarker                                    : loaded 2 times (x 67B)
Class kotlin.jvm.internal.PropertyReference1                                          : loaded 2 times (x 123B)
Class com.google.common.collect.Maps                                                  : loaded 2 times (x 67B)
Class com.google.common.base.CharMatcher$JavaUpperCase                                : loaded 2 times (x 107B)
Class org.gradle.api.specs.Spec                                                       : loaded 2 times (x 66B)
Class kotlin.LazyKt__LazyJVMKt$WhenMappings                                           : loaded 2 times (x 67B)
Class kotlin.jvm.internal.PropertyReference2                                          : loaded 2 times (x 123B)
Class kotlin.jvm.internal.MutablePropertyReference                                    : loaded 2 times (x 115B)
Class com.google.common.reflect.Types$JavaVersion                                     : loaded 2 times (x 79B)
Class [Lcom.google.common.collect.ImmutableEntry;                                     : loaded 2 times (x 65B)
Class [Lkotlin.reflect.jvm.internal.impl.builtins.jvm.JavaToKotlinClassMap$PlatformMutabilityMapping;: loaded 2 times (x 65B)
Class kotlin.reflect.jvm.internal.KClassImpl$Data$constructors$2                      : loaded 2 times (x 75B)
Class kotlin.LazyThreadSafetyMode                                                     : loaded 2 times (x 75B)
Class kotlin.reflect.full.IllegalPropertyDelegateAccessException                      : loaded 2 times (x 78B)
Class com.google.common.cache.LocalCache$LoadingValueReference                        : loaded 2 times (x 92B)
Class kotlin.reflect.jvm.internal.KDeclarationContainerImpl$Data$moduleData$2         : loaded 2 times (x 75B)
Class org.gradle.internal.classloader.DefaultClassLoaderFactory                       : loaded 2 times (x 78B)
Class kotlin.collections.EmptyIterator                                                : loaded 2 times (x 85B)
Class com.google.common.base.Suppliers                                                : loaded 2 times (x 67B)
Class com.google.common.reflect.Invokable$MethodInvokable                             : loaded 2 times (x 103B)
Class com.google.common.base.Platform                                                 : loaded 2 times (x 67B)
Class [Lcom.google.common.cache.CacheBuilder$OneWeigher;                              : loaded 2 times (x 65B)
Class org.objectweb.asm.MethodTooLargeException                                       : loaded 2 times (x 79B)
Class kotlin.reflect.jvm.internal.CachesKt$K_PACKAGE_CACHE$1                          : loaded 2 times (x 74B)
Class kotlin.sequences.SequencesKt__SequencesJVMKt                                    : loaded 2 times (x 67B)
Class kotlin.io.FilePathComponents                                                    : loaded 2 times (x 68B)
Class com.google.common.primitives.Ints$IntConverter                                  : loaded 2 times (x 86B)
Class com.google.common.collect.Maps$8                                                : loaded 2 times (x 78B)
Class kotlin.text.Regex                                                               : loaded 2 times (x 68B)
Class com.google.common.base.Platform$JdkPatternCompiler                              : loaded 2 times (x 71B)
Class kotlin.io.LinesSequence                                                         : loaded 2 times (x 71B)
Class com.google.common.collect.Lists$ReverseList$1                                   : loaded 2 times (x 95B)
Class com.google.common.collect.ImmutableRangeSet$Builder                             : loaded 2 times (x 73B)
Class com.google.common.collect.Sets$SetView                                          : loaded 2 times (x 134B)
Class com.google.common.cache.LocalCache$StrongValueReference                         : loaded 2 times (x 86B)
Class com.google.common.util.concurrent.AbstractFuture$SynchronizedHelper             : loaded 2 times (x 74B)
Class com.google.common.base.CharMatcher$Invisible                                    : loaded 2 times (x 108B)
Class kotlin.jvm.internal.ReflectionFactory                                           : loaded 2 times (x 87B)
Class [Lkotlin.reflect.KClass;                                                        : loaded 2 times (x 65B)
Class org.objectweb.asm.Type                                                          : loaded 2 times (x 68B)
Class org.gradle.internal.classloader.VisitableURLClassLoader$InstrumentingVisitableURLClassLoader: loaded 2 times (x 119B)
Class [Lkotlin.reflect.jvm.internal.impl.resolve.jvm.JvmPrimitiveType;                : loaded 2 times (x 65B)
Class kotlin.reflect.jvm.internal.impl.name.FqName                                    : loaded 2 times (x 68B)
Class kotlin.jvm.internal.ClassBasedDeclarationContainer                              : loaded 2 times (x 66B)
Class kotlin.comparisons.ComparisonsKt__ComparisonsKt                                 : loaded 2 times (x 67B)
Class com.google.common.collect.UnmodifiableListIterator                              : loaded 2 times (x 91B)
Class kotlin.sequences.SequencesKt__SequencesKt                                       : loaded 2 times (x 67B)
Class org.objectweb.asm.ByteVector                                                    : loaded 2 times (x 75B)
Class [Lcom.google.common.cache.CacheBuilder$NullListener;                            : loaded 2 times (x 65B)
Class com.google.common.math.IntMath$1                                                : loaded 2 times (x 67B)
Class org.gradle.internal.classloader.VisitableURLClassLoader$Spec                    : loaded 2 times (x 70B)
Class org.gradle.internal.classpath.DefaultClassPath                                  : loaded 2 times (x 86B)
Class kotlin.Result$Companion                                                         : loaded 2 times (x 67B)
Class kotlin.comparisons.ComparisonsKt                                                : loaded 2 times (x 67B)
Class kotlin.comparisons.ComparisonsKt___ComparisonsKt                                : loaded 2 times (x 67B)
Class org.objectweb.asm.ClassVisitor                                                  : loaded 2 times (x 84B)
Class com.google.common.reflect.Types$ClassOwnership                                  : loaded 2 times (x 76B)
Class org.objectweb.asm.Symbol                                                        : loaded 2 times (x 69B)
Class com.google.common.base.AbstractIterator                                         : loaded 2 times (x 76B)
Class kotlin.reflect.KType                                                            : loaded 2 times (x 66B)
Class com.google.common.collect.RegularImmutableMap$Values                            : loaded 2 times (x 203B)
Class com.google.common.collect.ImmutableSet                                          : loaded 2 times (x 141B)
Class com.google.common.base.CharMatcher$BitSetMatcher                                : loaded 2 times (x 108B)
Class com.google.common.base.CharMatcher$Ascii                                        : loaded 2 times (x 108B)
Class org.gradle.internal.classloader.ClassLoaderSpec                                 : loaded 2 times (x 67B)
Class kotlin.reflect.jvm.internal.ReflectProperties$Val$1                             : loaded 2 times (x 67B)
Class [Lorg.objectweb.asm.Symbol;                                                     : loaded 2 times (x 65B)
Class net.rubygrapefruit.platform.internal.Platform$MacOs32Bit                        : loaded 2 times (x 78B)
Class net.rubygrapefruit.platform.internal.Platform$Linux64Bit                        : loaded 2 times (x 79B)
Class org.objectweb.asm.AnnotationWriter                                              : loaded 2 times (x 75B)
Class com.google.common.cache.CacheStats                                              : loaded 2 times (x 67B)
Class com.google.common.reflect.TypeCapture                                           : loaded 2 times (x 67B)
Class kotlin.Unit                                                                     : loaded 2 times (x 67B)
Class kotlin.sequences.SequencesKt___SequencesJvmKt                                   : loaded 2 times (x 67B)
Class org.objectweb.asm.RecordComponentWriter                                         : loaded 2 times (x 74B)
Class com.google.common.util.concurrent.AbstractFuture$Listener                       : loaded 2 times (x 68B)
Class com.google.common.base.CharMatcher$Or                                           : loaded 2 times (x 108B)
Class Settings_gradle$1$1                                                             : loaded 2 times (x 70B)
Class com.google.common.collect.ImmutableMap$MapViewOfValuesAsSingletonSets           : loaded 2 times (x 121B)
Class org.objectweb.asm.Attribute                                                     : loaded 2 times (x 73B)
Class com.google.common.base.Supplier                                                 : loaded 2 times (x 66B)
Class org.gradle.internal.classloader.VisitableURLClassLoader                         : loaded 2 times (x 113B)
Class kotlin.reflect.jvm.internal.KClassImpl                                          : loaded 2 times (x 111B)
Class kotlin.collections.ArraysUtilJVM                                                : loaded 2 times (x 67B)
Class com.google.common.collect.RegularImmutableMap                                   : loaded 2 times (x 117B)
Class com.google.common.collect.ImmutableList$SerializedForm                          : loaded 2 times (x 69B)
Class net.rubygrapefruit.platform.internal.FunctionResult$Failure                     : loaded 2 times (x 75B)
Class net.rubygrapefruit.platform.internal.NativeLibraryLoader                        : loaded 2 times (x 69B)
Class com.google.common.util.concurrent.AbstractFuture$Waiter                         : loaded 2 times (x 68B)
Class Settings_gradle                                                                 : loaded 2 times (x 124B)
Class org.gradle.internal.Cast                                                        : loaded 2 times (x 67B)
Class org.gradle.api.Action                                                           : loaded 2 times (x 66B)
Class net.rubygrapefruit.platform.NativeException                                     : loaded 2 times (x 78B)
Class com.google.common.base.Strings                                                  : loaded 2 times (x 67B)
Class com.google.common.collect.Sets                                                  : loaded 2 times (x 67B)
Class org.objectweb.asm.Handler                                                       : loaded 2 times (x 68B)
Class com.google.common.base.Ticker                                                   : loaded 2 times (x 68B)
Class com.google.common.base.CharMatcher$FastMatcher                                  : loaded 2 times (x 107B)
Class kotlin.reflect.jvm.internal.KCallableImpl$_typeParameters$1                     : loaded 2 times (x 75B)
Class kotlin.jvm.functions.Function2                                                  : loaded 2 times (x 66B)
Class [Lcom.google.common.cache.LocalCache$Segment;                                   : loaded 2 times (x 65B)
Class [Lcom.google.common.cache.LocalCache$Strength;                                  : loaded 2 times (x 65B)
Class com.google.common.cache.CacheBuilder$1                                          : loaded 2 times (x 81B)
Class com.google.common.collect.ImmutableMap                                          : loaded 2 times (x 116B)
Class com.google.common.base.Predicate                                                : loaded 2 times (x 66B)
Class org.gradle.internal.classpath.DefaultClassPath$ImmutableUniqueList$Builder      : loaded 2 times (x 71B)
Class kotlin.jvm.functions.Function3                                                  : loaded 2 times (x 66B)
Class kotlin.reflect.jvm.internal.KProperty1Impl$_getter$1                            : loaded 2 times (x 75B)
Class kotlin.reflect.jvm.internal.KDeclarationContainerImpl$Data                      : loaded 2 times (x 68B)
Class kotlin.ranges.IntProgression$Companion                                          : loaded 2 times (x 67B)
Class com.google.common.collect.AbstractRangeSet                                      : loaded 2 times (x 110B)
Class com.google.common.cache.LocalCache                                              : loaded 2 times (x 183B)
Class com.google.common.cache.CacheBuilder$2                                          : loaded 2 times (x 68B)
Class com.google.common.base.CharMatcher$NegatedFastMatcher                           : loaded 2 times (x 109B)
Class kotlin.reflect.jvm.internal.impl.builtins.PrimitiveType$Companion               : loaded 2 times (x 67B)
Class kotlin.jvm.functions.Function4                                                  : loaded 2 times (x 66B)
Class kotlin.reflect.jvm.internal.KClassImpl$Data$typeParameters$2                    : loaded 2 times (x 75B)
Class kotlin.reflect.jvm.internal.KClassImpl$Data                                     : loaded 2 times (x 68B)
Class kotlin.jvm.internal.MutablePropertyReference2                                   : loaded 2 times (x 133B)
Class kotlin.annotation.Target                                                        : loaded 2 times (x 66B)
Class kotlin.collections.EmptySet                                                     : loaded 2 times (x 118B)
Class [Lcom.google.common.collect.AbstractMapEntry;                                   : loaded 2 times (x 65B)
Class com.google.common.collect.ImmutableEntry                                        : loaded 2 times (x 78B)
Class com.google.common.collect.ArrayListMultimap                                     : loaded 2 times (x 168B)
Class com.google.common.base.AbstractIterator$1                                       : loaded 2 times (x 67B)
Class com.google.common.base.CharMatcher$Digit                                        : loaded 2 times (x 108B)
Class org.gradle.api.GradleException                                                  : loaded 2 times (x 78B)
Class kotlin.jvm.functions.Function5                                                  : loaded 2 times (x 66B)
Class kotlin.reflect.jvm.internal.ReflectProperties$Val                               : loaded 2 times (x 70B)
Class kotlin.reflect.jvm.internal.impl.builtins.PrimitiveType$typeFqName$2            : loaded 2 times (x 75B)
Class kotlin.annotation.Retention                                                     : loaded 2 times (x 66B)
Class com.google.common.collect.CollectPreconditions                                  : loaded 2 times (x 67B)
Class com.google.common.base.CharMatcher$JavaIsoControl                               : loaded 2 times (x 108B)
Class kotlin.jvm.functions.Function6                                                  : loaded 2 times (x 66B)
Class kotlin.reflect.jvm.internal.KPropertyImpl$_descriptor$1                         : loaded 2 times (x 75B)
Class kotlin.reflect.jvm.internal.KTypeParameterOwnerImpl                             : loaded 2 times (x 66B)
Class org.gradle.api.internal.classpath.ManifestUtil                                  : loaded 2 times (x 67B)
Class com.google.common.collect.ImmutableList$1                                       : loaded 2 times (x 93B)
Class kotlin.io.FilesKt                                                               : loaded 2 times (x 67B)
Class com.google.common.collect.SortedMapDifference                                   : loaded 2 times (x 66B)
Class com.google.common.base.CharMatcher$JavaLowerCase                                : loaded 2 times (x 107B)
Class kotlin.jvm.functions.Function7                                                  : loaded 2 times (x 66B)
Class kotlin.reflect.jvm.internal.impl.name.Name                                      : loaded 2 times (x 71B)
Class kotlin.reflect.jvm.internal.KPropertyImpl$Companion                             : loaded 2 times (x 67B)
Class com.google.common.util.concurrent.ExecutionError                                : loaded 2 times (x 78B)
Class net.rubygrapefruit.platform.internal.NativeLibraryLocator                       : loaded 2 times (x 69B)
Class net.rubygrapefruit.platform.Process                                             : loaded 2 times (x 66B)
Class com.google.common.cache.LocalCache$EntryFactory                                 : loaded 2 times (x 79B)
Class kotlin.jvm.functions.Function8                                                  : loaded 2 times (x 66B)
Class kotlin.reflect.jvm.internal.impl.name.FqNameUnsafe                              : loaded 2 times (x 68B)
Class com.google.common.collect.ImmutableEnumSet                                      : loaded 2 times (x 142B)
Class net.rubygrapefruit.platform.internal.Platform$FreeBSD                           : loaded 2 times (x 78B)
Class com.google.common.collect.ImmutableBiMap$SerializedForm                         : loaded 2 times (x 71B)
Class com.google.common.reflect.Types$NativeTypeVariableEquals                        : loaded 2 times (x 67B)
Class com.google.common.reflect.TypeParameter                                         : loaded 2 times (x 68B)
Class com.google.common.cache.LocalCache$AbstractReferenceEntry                       : loaded 2 times (x 103B)
Class com.google.common.base.Splitter$1$1                                             : loaded 2 times (x 82B)
Class com.google.common.base.CharMatcher$Whitespace                                   : loaded 2 times (x 108B)
Class org.gradle.internal.IoActions                                                   : loaded 2 times (x 67B)
Class [Lkotlin.reflect.jvm.internal.impl.name.ClassId;                                : loaded 2 times (x 65B)
Class kotlin.jvm.functions.Function10                                                 : loaded 2 times (x 66B)
Class kotlin.jvm.functions.Function9                                                  : loaded 2 times (x 66B)
Class kotlin.reflect.jvm.internal.KClassImpl$Data$allNonStaticMembers$2               : loaded 2 times (x 75B)
Class [Lkotlin.LazyThreadSafetyMode;                                                  : loaded 2 times (x 65B)
Class [Lkotlin.reflect.KClassifier;                                                   : loaded 2 times (x 65B)
Class kotlin.reflect.jvm.internal.EmptyContainerForLocal                              : loaded 2 times (x 80B)
Class com.google.common.collect.ImmutableRangeSet$ComplementRanges                    : loaded 2 times (x 203B)
Class org.objectweb.asm.SymbolTable                                                   : loaded 2 times (x 68B)
Class com.google.common.cache.CacheLoader$InvalidCacheLoadException                   : loaded 2 times (x 78B)
Class com.google.common.collect.ImmutableSet$RegularSetBuilderImpl                    : loaded 2 times (x 73B)
Class com.google.common.base.CharMatcher$SingleWidth                                  : loaded 2 times (x 108B)
Class org.gradle.internal.classloader.SystemClassLoaderSpec                           : loaded 2 times (x 67B)
Class kotlin.jvm.functions.Function11                                                 : loaded 2 times (x 66B)
Class kotlin.reflect.jvm.internal.KClassImpl$Data$sealedSubclasses$2                  : loaded 2 times (x 75B)
Class kotlin.jvm.internal.MutablePropertyReference1                                   : loaded 2 times (x 133B)
Class kotlin.ranges.IntRange$Companion                                                : loaded 2 times (x 67B)
Class kotlin.jvm.internal.PropertyReference1Impl                                      : loaded 2 times (x 123B)
Class kotlin.collections.EmptyMap                                                     : loaded 2 times (x 105B)
Class com.google.common.cache.LocalCache$StrongEntry                                  : loaded 2 times (x 104B)
Class com.google.common.util.concurrent.AbstractFuture$TrustedFuture                  : loaded 2 times (x 110B)
Class com.google.common.cache.LoadingCache                                            : loaded 2 times (x 66B)
Class kotlin.jvm.functions.Function12                                                 : loaded 2 times (x 66B)
Class kotlin.SafePublicationLazyImpl$Companion                                        : loaded 2 times (x 67B)
Class org.gradle.internal.classloader.ClassLoaderHierarchy                            : loaded 2 times (x 66B)
Class net.rubygrapefruit.platform.ProcessLauncher                                     : loaded 2 times (x 66B)
Class org.objectweb.asm.MethodWriter                                                  : loaded 2 times (x 102B)
Class [Lcom.google.common.cache.Weigher;                                              : loaded 2 times (x 65B)
Class com.google.common.collect.RegularImmutableMap$BucketOverflowException           : loaded 2 times (x 78B)
Class kotlin.jvm.functions.Function13                                                 : loaded 2 times (x 66B)
Class kotlin.ranges.OpenEndRange                                                      : loaded 2 times (x 66B)
Class com.google.common.base.CharMatcher$IsEither                                     : loaded 2 times (x 107B)
Class kotlin.text.Charsets                                                            : loaded 2 times (x 67B)
Class kotlin.jvm.functions.Function14                                                 : loaded 2 times (x 66B)
Class [Lcom.google.common.base.AbstractIterator$State;                                : loaded 2 times (x 65B)
Class com.google.common.reflect.Types$JavaVersion$1                                   : loaded 2 times (x 79B)
Class com.google.common.collect.RegularImmutableBiMap                                 : loaded 2 times (x 144B)
Class com.google.common.cache.LocalCache$ValueReference                               : loaded 2 times (x 66B)
Class com.google.common.base.CharMatcher$Negated                                      : loaded 2 times (x 109B)
Class com.google.common.base.CharMatcher$Is                                           : loaded 2 times (x 107B)
Class kotlin.jvm.functions.Function15                                                 : loaded 2 times (x 66B)
Class net.rubygrapefruit.platform.internal.Platform$FreeBSD64Bit                      : loaded 2 times (x 78B)
Class kotlin.io.FilesKt__FileTreeWalkKt                                               : loaded 2 times (x 67B)
Class com.google.common.reflect.Types$JavaVersion$2                                   : loaded 2 times (x 79B)
Class com.google.common.reflect.Types                                                 : loaded 2 times (x 67B)
Class com.google.common.hash.PrimitiveSink                                            : loaded 2 times (x 66B)
Class com.google.common.base.PatternCompiler                                          : loaded 2 times (x 66B)
Class com.google.common.util.concurrent.AbstractFuture$Failure                        : loaded 2 times (x 68B)
Class com.google.common.base.Equivalence$Equals                                       : loaded 2 times (x 78B)
Class com.google.common.collect.Hashing                                               : loaded 2 times (x 67B)
Class com.google.common.base.Preconditions                                            : loaded 2 times (x 67B)
Class kotlin.sequences.SequencesKt__SequenceBuilderKt                                 : loaded 2 times (x 67B)
Class kotlin.jvm.functions.Function16                                                 : loaded 2 times (x 66B)
Class kotlin.reflect.jvm.internal.CacheByClassKt                                      : loaded 2 times (x 67B)
Class kotlin.jvm.internal.MutablePropertyReference0                                   : loaded 2 times (x 133B)
Class com.google.common.reflect.Types$JavaVersion$3                                   : loaded 2 times (x 79B)
Class com.google.common.base.Joiner$1                                                 : loaded 2 times (x 76B)
Class org.objectweb.asm.Label                                                         : loaded 2 times (x 69B)
Class org.objectweb.asm.CurrentFrame                                                  : loaded 2 times (x 69B)
Class org.objectweb.asm.ClassTooLargeException                                        : loaded 2 times (x 79B)
Class com.google.common.collect.PeekingIterator                                       : loaded 2 times (x 66B)
Class com.google.common.base.CharMatcher                                              : loaded 2 times (x 107B)
Class kotlin.jvm.functions.Function17                                                 : loaded 2 times (x 66B)
Class kotlin.reflect.jvm.internal.KCallableImpl$_annotations$1                        : loaded 2 times (x 75B)
Class com.google.common.reflect.Types$JavaVersion$4                                   : loaded 2 times (x 79B)
Class com.google.common.collect.RangeGwtSerializationDependencies                     : loaded 2 times (x 67B)
Class com.google.common.base.Joiner$2                                                 : loaded 2 times (x 75B)
Class org.objectweb.asm.Frame                                                         : loaded 2 times (x 69B)
Class org.objectweb.asm.MethodVisitor                                                 : loaded 2 times (x 101B)
Class com.google.common.cache.LocalCache$EntryFactory$1                               : loaded 2 times (x 79B)
Class [Lcom.google.common.cache.RemovalListener;                                      : loaded 2 times (x 65B)
Class com.google.common.base.CharMatcher$1                                            : loaded 2 times (x 109B)
Class com.google.common.base.CharMatcher$NamedFastMatcher                             : loaded 2 times (x 108B)
Class kotlin.jvm.functions.Function18                                                 : loaded 2 times (x 66B)
Class kotlin.reflect.jvm.internal.KClassImpl$Data$inheritedNonStaticMembers$2         : loaded 2 times (x 75B)
Class kotlin.reflect.jvm.internal.CachesKt                                            : loaded 2 times (x 67B)
Class kotlin.reflect.jvm.internal.impl.builtins.CompanionObjectMapping                : loaded 2 times (x 67B)
Class com.google.common.reflect.Types$JavaVersion$5                                   : loaded 2 times (x 67B)
Class [Lcom.google.common.reflect.Types$ClassOwnership;                               : loaded 2 times (x 65B)
Class com.google.common.collect.RangeSet                                              : loaded 2 times (x 66B)
Class com.google.common.cache.LocalCache$EntryFactory$2                               : loaded 2 times (x 79B)
Class org.gradle.api.internal.classpath.GlobalCacheRootsProvider                      : loaded 2 times (x 66B)
Class kotlin.jvm.functions.Function19                                                 : loaded 2 times (x 66B)
Class kotlin.reflect.jvm.internal.KClassImpl$Data$allStaticMembers$2                  : loaded 2 times (x 75B)
Class org.gradle.internal.classloader.FilteringClassLoader                            : loaded 2 times (x 101B)
Class com.google.common.collect.RegularImmutableMap$KeySet                            : loaded 2 times (x 146B)
Class com.google.common.collect.CollectCollectors                                     : loaded 2 times (x 67B)
Class org.objectweb.asm.ModuleWriter                                                  : loaded 2 times (x 78B)
Class com.google.common.cache.LocalCache$EntryFactory$3                               : loaded 2 times (x 79B)
Class com.google.common.base.Ticker$1                                                 : loaded 2 times (x 68B)
Class com.google.common.collect.ImmutableMapEntrySet$RegularEntrySet                  : loaded 2 times (x 147B)
Class com.google.common.collect.Maps$BiMapConverter                                   : loaded 2 times (x 86B)
Class net.rubygrapefruit.platform.internal.Platform$MacOs                             : loaded 2 times (x 78B)
Class net.rubygrapefruit.platform.internal.Platform$Window64Bit                       : loaded 2 times (x 75B)
Class com.google.common.cache.LocalCache$EntryFactory$4                               : loaded 2 times (x 79B)
Class com.google.common.collect.ImmutableSet$Builder                                  : loaded 2 times (x 81B)
Class com.google.common.base.CharMatcher$InRange                                      : loaded 2 times (x 107B)
Class kotlin.reflect.jvm.internal.KCallableImpl$_parameters$1                         : loaded 2 times (x 75B)
Class kotlin.sequences.ConstrainedOnceSequence                                        : loaded 2 times (x 71B)
Class com.google.common.cache.LocalCache$EntryFactory$5                               : loaded 2 times (x 79B)
Class kotlin.reflect.jvm.internal.KClassImpl$Data$simpleName$2                        : loaded 2 times (x 75B)
Class [Lkotlin.reflect.KProperty;                                                     : loaded 2 times (x 65B)
Class kotlin.reflect.jvm.internal.CachesKt$CACHE_FOR_BASE_CLASSIFIERS$1               : loaded 2 times (x 74B)
Class com.google.common.base.Equivalence$Identity                                     : loaded 2 times (x 78B)
Class com.google.common.base.PairwiseEquivalence                                      : loaded 2 times (x 79B)
Class com.google.common.cache.LocalCache$EntryFactory$6                               : loaded 2 times (x 79B)
Class org.gradle.internal.installation.CurrentGradleInstallationLocator               : loaded 2 times (x 67B)
Class com.google.common.collect.Maps$KeySet                                           : loaded 2 times (x 133B)
Class com.google.common.cache.LocalCache$EntryFactory$7                               : loaded 2 times (x 79B)
Class com.google.common.collect.ImmutableSet$EmptySetBuilderImpl                      : loaded 2 times (x 72B)
Class com.google.common.collect.ImmutableList                                         : loaded 2 times (x 202B)
Class org.gradle.internal.service.DefaultServiceLocator                               : loaded 2 times (x 79B)
Class kotlin.reflect.KMutableProperty0                                                : loaded 2 times (x 66B)
Class kotlin.reflect.KClassifier                                                      : loaded 2 times (x 66B)
Class com.google.common.cache.LocalCache$EntryFactory$8                               : loaded 2 times (x 79B)
Class com.google.common.collect.ImmutableSet$SetBuilderImpl                           : loaded 2 times (x 72B)
Class org.gradle.internal.installation.CurrentGradleInstallation                      : loaded 2 times (x 69B)
Class kotlin.reflect.KMutableProperty1                                                : loaded 2 times (x 66B)
Class com.google.common.cache.CacheLoader$1                                           : loaded 2 times (x 71B)
Class com.google.common.collect.ForwardingObject                                      : loaded 2 times (x 68B)
Class com.google.common.collect.ImmutableList$SubList                                 : loaded 2 times (x 204B)
Class org.gradle.util.internal.GUtil                                                  : loaded 2 times (x 67B)
Class kotlin.reflect.KMutableProperty2                                                : loaded 2 times (x 66B)
Class kotlin.io.TextStreamsKt                                                         : loaded 2 times (x 67B)
Class kotlin.io.NoSuchFileException                                                   : loaded 2 times (x 78B)
Class com.google.common.util.concurrent.AbstractFuture$SetFuture                      : loaded 2 times (x 71B)
Class com.google.common.cache.AbstractCache$StatsCounter                              : loaded 2 times (x 66B)
Class kotlin.reflect.jvm.internal.RuntimeTypeMapper                                   : loaded 2 times (x 67B)
Class com.google.common.reflect.Types$TypeVariableImpl                                : loaded 2 times (x 68B)
Class com.google.common.collect.Iterators$MergingIterator                             : loaded 2 times (x 77B)
Class com.google.common.collect.RegularImmutableSet                                   : loaded 2 times (x 144B)
Class org.gradle.internal.installation.GradleInstallation                             : loaded 2 times (x 71B)
Class com.google.common.collect.Iterables                                             : loaded 2 times (x 67B)
Class com.google.common.base.Splitter$Strategy                                        : loaded 2 times (x 66B)
Class com.google.common.collect.Maps$EntryTransformer                                 : loaded 2 times (x 66B)
Class kotlin.ranges.IntProgression                                                    : loaded 2 times (x 77B)
Class com.google.common.collect.Lists$RandomAccessReverseList                         : loaded 2 times (x 196B)

---------------  S Y S T E M  ---------------

OS:
 Windows 11 , 64 bit Build 26100 (10.0.26100.3912)
OS uptime: 0 days 5:09 hours

CPU: total 12 (initial active 12) (12 cores per cpu, 2 threads per core) family 25 model 68 stepping 1 microcode 0xa404107, cx8, cmov, fxsr, ht, mmx, 3dnowpref, sse, sse2, sse3, ssse3, sse4a, sse4.1, sse4.2, popcnt, lzcnt, tsc, tscinvbit, avx, avx2, aes, erms, clmul, bmi1, bmi2, adx, sha, fma, vzeroupper, clflush, clflushopt, rdtscp, rdpid, fsrm, f16c, pku, cet_ss
Processor Information for all 12 processors :
  Max Mhz: 3301, Current Mhz: 3301, Mhz Limit: 3301

Memory: 4k page, system-wide physical 15690M (978M free)
TotalPageFile size 45940M (AvailPageFile size 307M)
current process WorkingSet (physical memory assigned to process): 560M, peak: 564M
current process commit charge ("private bytes"): 677M, peak: 685M

vm_info: OpenJDK 64-Bit Server VM (21.0.4+-12508038-b607.1) for windows-amd64 JRE (21.0.4+-12508038-b607.1), built on 2024-10-16T17:23:34Z by "builder" with MS VC++ 16.10 / 16.11 (VS2019)

END.
